Title,Sheet,TaskNo,Standard,Method,FrequenciesCSV,ImageFile,ImageFolderPath
ใบมีด,เครื่องตัดปลา,1,ไม่แตกหักและไม่เป็นสนิม,เช็ค,W,task01.png,เครื่องตัดปลา
ลูกปืน / อัดจาระบี,เครื่องตัดปลา,2,ไม่หลวมคอนหรือแตกชำรุด,เช็ค/ทำ,W,task02.png,เครื่องตัดปลา
มูเลย์และสายพาน,เครื่องตัดปลา,3,มูลเล่ย์ต้องไม่ชำรุด  สายพานไม่ขาดหรือหย่อน,เช็ค,W,task03.png,เครื่องตัดปลา
มอเตอร์,เครื่องตัดปลา,4,ไม่มีเสียงดัง  และไม่มีกลิ่นไหม้,เช็ค,W,task04.png,เครื่องตัดปลา
เฟืองและโซ่,เครื่องตัดปลา,5,เฟืองไม่แหลมคม   โซ่ ข้อต่อต้องไม่หลวมและไม่หย่อน,เช็ค,W,task05.png,เครื่องตัดปลา
ตู้ควบคุมระบบไฟฟ้า,เครื่องตัดปลา,6,ไม่มีสิ่งผิดปกติด้านในตู้ อุปกรณ์อยู่ในสภาพเรียบร้อย ไม่มีร่องรอยสายไฟชำรุด,เช็ค,W,task06.jpeg,เครื่องตัดปลา
,เครื่องตัดปลา,7,,,W,,
การเคลียร์สิ่งแปลกปลอม / ความสะอาดก่อนส่งมอบ,เครื่องตัดปลา,7,,ทำ,W,,
ลูกปืน / อัดจาระบี,เครื่องตัดปลาชาดีน,1,ลูกปืนต้องไม่แตก ชำรุด,เช็ค,W,task01.jpeg,เครื่องตัดปลาชาดีน
มอเตอร์,เครื่องตัดปลาชาดีน,2,มอเตอร์ต้องไม่มีเสียงดัง,เช็ค,W,task02.jpeg,เครื่องตัดปลาชาดีน
โซ่สายพาน,เครื่องตัดปลาชาดีน,3,ต้องไม่ขาด ชำรุด,เช็ค,W,task03.jpeg,เครื่องตัดปลาชาดีน
ใบมีดตัดปลา,เครื่องตัดปลาชาดีน,4,ต้องไม่หักบิ่น,เช็ค,W,task04.jpeg,เครื่องตัดปลาชาดีน
โซ่-เฟือง,เครื่องตัดปลาชาดีน,5,โซ่ต้องไม่ขาดหรือหย่อน-เฟืองต้องไม่ชำรุด,เช็ค,W,task05.jpeg,เครื่องตัดปลาชาดีน
โครงสร้าง,เครื่องตัดปลาชาดีน,6,ต้องไม่ชำรุด หัก,เช็ค,W,task06.jpeg,เครื่องตัดปลาชาดีน
มูเล่ย์-สายพาน,เครื่องตัดปลาชาดีน,7,มูเล่ย์ต้องต้องไม่แตก-สายพานต้องไม่ชำรุด,เช็ค,W,task07.jpeg,เครื่องตัดปลาชาดีน
ตู้ควบคุมระบบไฟฟ้า,เครื่องตัดปลาชาดีน,8,ไม่มีสิ่งผิดปกติด้านในตู้ อุปกรณ์อยู่ในสภาพเรียบร้อย ไม่มีร่องรอยสายไฟชำรุด,เช็ค,W,task08.jpeg,เครื่องตัดปลาชาดีน
เปลี่ยนน้ำมันทุ่ก 6 เดือน,เครื่องตัดปลาชาดีน,9,เปลี่ยนน้ำมันวันที่:,ทำ,W,,
การเคลียร์สื่งแปลกปลอม / ความสะอาดก่อนส่งมอบ,เครื่องตัดปลาชาดีน,10,,ทำ,W,,
พัดลมคอยร้อน,ห้องเย็น,1,ใบพัดลมต้องไม่ชำรุด หมุนได้ปกติดี,เช็ค,W,task01.jpeg,ห้องเย็น
พัดลมคอยร์เย็น,ห้องเย็น,2,ใบพัดต้องหมุนได้ปกติ ไม่ชำรุด,เช็ค,W,task02.jpeg,ห้องเย็น
ประตูห้องเย็น,ห้องเย็น,3,ต้องไม่ชำรุด,เช็ค,W,task03.jpeg,ห้องเย็น
ท่อคอมเฟรสเซอร์,ห้องเย็น,4,ไม่ชำรุดไม่รั่ว,เช็ค,W,task04.jpeg,ห้องเย็น
โครงสร้าง,ห้องเย็น,5,ต้องอยู่ในสภาพสมบูณร์,เช็ค,W,task05.jpeg,ห้องเย็น
ตู้ควบคุมระบบไฟฟ้า,ห้องเย็น,6,ไม่มีสิ่งผิดปกติด้านในตู้ อุปกรณ์อยู่ในสภาพเรียบร้อย ไม่มีร่องรอยสายไฟชำรุด,เช็ค,W,task06.jpeg,ห้องเย็น
,ห้องเย็น,7,,,W,,
การเคลียร์สิ่งแปลกปลอม / ความสะอาดก่อนส่งมอบ,ห้องเย็น,7,,ทำ,W,,
มอเตอร์เกียร์,สายพานขูดปลา,1,ไม่มีเสียงดัง ไม่มีกลิ่นไหม้  เกียร์ไม่มีน้ำมันรั่วซึม,เช็ค,W,task01.png,สายพานขูดปลา
ลูกปืน/อัดจาระบี,สายพานขูดปลา,2,ไม่หลวมคอนและไม่แตกชำรุด,เช็ค/ทำ,W,task02.png,สายพานขูดปลา
สายพานสีน้ำเงิน,สายพานขูดปลา,3,สายพานต้องไม่ขาดและไม่หย่อนหรือเบียดข้างซ้าย-ขวา,เช็ค,W,task03.png,สายพานขูดปลา
สายพานกระดูกงูและเฟือง,สายพานขูดปลา,4,สายพานต้องไม่มีรอยร้าวหรือแตกชำรุด เฟืองไม่แตกหัก,เช็ค,W,task04.png,สายพานขูดปลา
โลว์ลูกกลิ้ง,สายพานขูดปลา,5,ยางหุ้มโลว์ต้องไม่หลุดหรือชำรุดแตก,เช็ค,W,task05.png,สายพานขูดปลา
โครงสร้าง,สายพานขูดปลา,6,ไม่ชำรุดหักหรือเป็นสนิม,เช็ค,W,task06.png,สายพานขูดปลา
ตู้ควบคุมระบบไฟฟ้า,สายพานขูดปลา,7,ไม่มีสิ่งผิดปกติด้านในตู้ อุปกรณ์อยู่ในสภาพเรียบร้อย ไม่มีร่องรอยสายไฟชำรุด,เช็ค,W,task07.jpeg,สายพานขูดปลา
เปลี่ยนน้ำมันทุ่ก 6 เดือน,สายพานขูดปลา,8,เปลี่ยนน้ำมันวันที่:,ทำ,W,,
การเคลียร์สิ่งแปลกปลอม / ความสะอาดก่อนส่งมอบ,สายพานขูดปลา,9,,ทำ,W,,
มอเตอร์เกียร์,สายพานผ่าท้องปลา,1,มอเตอร์ต้องไม่มีเสียงดัง ไม่มีกลิ่นเหม็นไหม้ เกีรย์ต้องไม่มีน้ำมันรั่ว,เช็ค,W,task01.jpeg,สายพานผ่าท้องปลา
ลูกปืน/อัดจาระบี,สายพานผ่าท้องปลา,2,ลูกปืนต้องไม่หลวมคอน ไม่ชำรุดแตก,เช็ค/ทำ,W,task02.jpeg,สายพานผ่าท้องปลา
สายพานทิ้งไส้ปลา,สายพานผ่าท้องปลา,3,สายพานต้องไม่ชำรุดขาด และไม่หย่อนหรือเบียดซ้าย-ขวา,เช็ค,W,task03.jpeg,สายพานผ่าท้องปลา
สายพานควักไส้,สายพานผ่าท้องปลา,4,น๊อตลอ๊คสายพานต้องอยู่ครบ สายพานต้องไม่เป็นสมิม,เช็ค,W,task04.jpeg,สายพานผ่าท้องปลา
โครงสร้าง,สายพานผ่าท้องปลา,5,สภาพโครงสร้างต้องไม่หักชำรุด และไม่เป็นสนิม,เช็ค,W,task05.jpeg,สายพานผ่าท้องปลา
ตู้ควบคุมระบบไฟฟ้า,สายพานผ่าท้องปลา,6,ไม่มีสิ่งผิดปกติด้านในตู้ อุปกรณ์อยู่ในสภาพเรียบร้อย ไม่มีร่องรอยสายไฟชำรุด,เช็ค,W,task06.jpeg,สายพานผ่าท้องปลา
เปลี่ยนน้ำมันทุ่ก 6 เดือน,สายพานผ่าท้องปลา,7,เปลี่ยนน้ำมันวันที่:,ทำ,W,,
การเคลียร์สิ่งแปลกปลอม / ความสะอาดก่อนส่งมอบ,สายพานผ่าท้องปลา,8,,ทำ,W,,
มอเตอร์ปั๊ม,Dumper,1,มอเตอร์ต้องไม่มีเสียงดัง และไม่มีกลิ่นเหม็นไหม้,เช็ค,W,task01.jpeg,Dumper
สายไฮโดรลิค,Dumper,2,สภาพสายต้องไม่ชำรุดขาด ไม่มีน้ำมันรั่วชึม,เช็ค,W,task02.jpeg,Dumper
กระบอกไฮโดรลิค,Dumper,3,สภาพต้องไม่มีน้ำมันรั่วชึม แกนต้องไม่เป็นสนิม,เช็ค,W,task03.jpeg,Dumper
น้ำมัน,Dumper,4,น้ำมันต้องมีเพียงพอ ระดับน้ำมันต้องไม่ต่ำกว่าขีดแดง,เช็ค,W,task04.jpeg,Dumper
ลูกปืน/อัดจาระบี,Dumper,5,ต้องไม่หลวมคอน และชำรุดแตก,เช็ค/ทำ,W,task05.jpeg,Dumper
โครงสร้าง,Dumper,6,ต้องไม่มีรอยชำรุดหัก และไม่เป็นสนิม,เช็ค,W,task06.jpeg,Dumper
ตู้ควบคุมระบบไฟฟ้า,Dumper,7,ไม่มีสิ่งผิดปกติด้านในตู้ อุปกรณ์อยู่ในสภาพเรียบร้อย ไม่มีร่องรอยสายไฟชำรุด,เช็ค,W,task07.jpeg,Dumper
เปลี่ยนน้ำมันทุ่ก 6 เดือน,Dumper,8,เปลี่ยนน้ำมันวันที่:,ทำ,W,,
การเคลียร์สิ่งแปลกปลอม / ความสะอาดก่อนส่งมอบ,Dumper,9,,ทำ,W,,
หัวฉีดสเปร์ย,รางสเปร์ยคูลลิ่งปลา,1,หัวฉีดตัองอยู่ครบ ไม่อุดตัน,เช็ค,M,task01.jpeg,รางสเปร์ยคูลลิ่งปลา
ระบบท่อ,รางสเปร์ยคูลลิ่งปลา,2,ท่อต้องไม่มีน้ำรั่ว,เช็ค,M,task02.jpeg,รางสเปร์ยคูลลิ่งปลา
โครงสร้าง,รางสเปร์ยคูลลิ่งปลา,3,โครงสร้างต้องไม่ชำรุดหัก ไม่เป็นสนิม,เช็ค,M,task03.jpeg,รางสเปร์ยคูลลิ่งปลา
มอเตอร์ปั๊ม,รางสเปร์ยคูลลิ่งปลา,4,มอเตอร์ปั๊มต้องไม่รั่ว,เช็ค,M,task04.jpeg,รางสเปร์ยคูลลิ่งปลา
ตู้ควบคุมระบบไฟฟ้า,รางสเปร์ยคูลลิ่งปลา,5,ไม่มีสิ่งผิดปกติด้านในตู้ อุปกรณ์อยู่ในสภาพเรียบร้อย ไม่มีร่องรอยสายไฟชำรุด,เช็ค,M,task05.jpeg,รางสเปร์ยคูลลิ่งปลา
,รางสเปร์ยคูลลิ่งปลา,6,,,M,,
,รางสเปร์ยคูลลิ่งปลา,7,,,M,,
การเคลียร์สิ่งแปลกปลอม / ความสะอาดก่อนส่งมอบ,รางสเปร์ยคูลลิ่งปลา,6,,ทำ,W,,
ประเก็นฝาหม้อ,ตู้นึ่งปลา,1,ต้องไม่ฉีกขาด,เช็ค,W,task01.jpeg,ตู้นึ่งปลา
หัวฉีดสเปรย์,ตู้นึ่งปลา,2,ไม่อุดตันและต้องมีครบ,เช็ค,W,task02.jpeg,ตู้นึ่งปลา
ระบบท่อ,ตู้นึ่งปลา,3,ไม่ชำรุดหรือรั่ว,เช็ค,W,task03.jpeg,ตู้นึ่งปลา
คอลโทรลวาล์ว,ตู้นึ่งปลา,4,ทำงานได้ปกติ ไม่ชำรุด,เช็ค,W,task04.jpeg,ตู้นึ่งปลา
เซฟตี้วาล์ว,ตู้นึ่งปลา,5,สามารถใช้งานได้ปกติ,เช็ค,W,task05.jpeg,ตู้นึ่งปลา
โครงสร้าง,ตู้นึ่งปลา,6,ไม่ชำรุด ไม่เป็นสนิม,เช็ค,W,task06.jpeg,ตู้นึ่งปลา
ตู้ควบคุมระบบไฟฟ้า,ตู้นึ่งปลา,7,ไม่มีสิ่งผิดปกติด้านในตู้ อุปกรณ์อยู่ในสภาพเรียบร้อย ไม่มีร่องรอยสายไฟชำรุด,เช็ค,W,task07.jpeg,ตู้นึ่งปลา
การเคลียร์สิ่งแปลกปลอม / ความสะอาดก่อนส่งมอบ,ตู้นึ่งปลา,8,,ทำ,W,,
1W,ตรวจจับโลหะแบบท่อ,1,ท่อลำเลียงอาหาร,,W,task01.png,ตรวจจับโลหะแบบท่อ
1W,ตรวจจับโลหะแบบท่อ,2,Solinoid Valve,,W,task02.jpeg,ตรวจจับโลหะแบบท่อ
1W,ตรวจจับโลหะแบบท่อ,3,Regulator,,W,task03.jpeg,ตรวจจับโลหะแบบท่อ
1W,ตรวจจับโลหะแบบท่อ,4,โครงสร้าง,,W,task04.jpeg,ตรวจจับโลหะแบบท่อ
,ตรวจจับโลหะแบบท่อ,5,ตู้ควบคุมระบบไฟฟ้า,,W,task05.jpeg,ตรวจจับโลหะแบบท่อ
,ตรวจจับโลหะแบบท่อ,6,,,W,,
,ตรวจจับโลหะแบบท่อ,7,,,W,,
การเคลียร์สิ่งแปลกปลอม /ความสะอาดก่อนส่งมอบ,ตรวจจับโลหะแบบท่อ,6,,,W,,
แผงรังผึ้ง,ตู้แช่ทำความเย็น,1,ต้องไม่รั่วไม่ชำรุด,,A,task01.jpeg,ตู้แช่ทำความเย็น
เบเกอร์-ฟิวส์,ตู้แช่ทำความเย็น,2,เบเกิร์ต้องไม่ชำรุด/ฟิวส์ไม่ขาด,,A,task02.jpeg,ตู้แช่ทำความเย็น
หน้าจอ,ตู้แช่ทำความเย็น,3,ต้องไม่แตกชำรุด,,A,task03.jpeg,ตู้แช่ทำความเย็น
พัดลม,ตู้แช่ทำความเย็น,4,ใบพัดต้องไม่ชำรุดแตก,,A,task04.jpeg,ตู้แช่ทำความเย็น
ประเก็นฝา,ตู้แช่ทำความเย็น,5,ต้องไม่ขาดชำรุด,,A,task05.jpeg,ตู้แช่ทำความเย็น
โครงสร้าง,ตู้แช่ทำความเย็น,6,ต้องไม่หักชำรุด,,A,task06.jpeg,ตู้แช่ทำความเย็น
ตู้ควบคุมระบบไฟฟ้า,ตู้แช่ทำความเย็น,7,ไม่มีสิ่งผิดปกติด้านในตู้ อุปกรณ์อยู่ในสภาพเรียบร้อย ไม่มีร่อยรอยสายไฟชำรุด,,A,,
,ตู้แช่ทำความเย็น,8,,,,,
หน้าจอ,เครื่องชั่งเช็คเวท,1,หน้าจอต้องไม่แตกชำรุด,เช็ค,W,task01.jpeg,เครื่องชั่งเช็คเวท
สายพาน,เครื่องชั่งเช็คเวท,2,ไม่ชำรุดขาด,เช็ค,W,task02.jpeg,เครื่องชั่งเช็คเวท
สายพานขับมอเตอร์,เครื่องชั่งเช็คเวท,3,สายพานไม่หย่อนไม่ชำรุดขาด,เช็ค,W,task03.jpeg,เครื่องชั่งเช็คเวท
Regulator,เครื่องชั่งเช็คเวท,4,ไม่ชำรุดแตกไม่รั่ว,เช็ค,W,task04.jpeg,เครื่องชั่งเช็คเวท
โครงสร้าง,เครื่องชั่งเช็คเวท,5,ไม่หักชำรุดหักไม่เป็นสนิม,เช็ค,W,task05.jpeg,เครื่องชั่งเช็คเวท
มอเตอร์ขับ,เครื่องชั่งเช็คเวท,6,มอเตอร์ต้องไม่มีเสียงดัง,เช็ค,W,task06.jpeg,เครื่องชั่งเช็คเวท
ตู้ควบคุมระบบไฟฟ้า,เครื่องชั่งเช็คเวท,7,ไม่มีสิ่งผิดปกติด้านในตู้ อุปกรณ์อยู่ในสภาพเรียบร้อย ไม่มีร่องรอยสายไฟชำรุด,เช็ค,W,task07.jpeg,เครื่องชั่งเช็คเวท
การเคลียร์สิ่งแปลกปลอม / ความสะอาดก่อนส่งมอบ,เครื่องชั่งเช็คเวท,8,,ทำ,W,,
มอเตอร์,ปั๊มวัตถุดิบ,1,ไม่มีเสียงดังและไม่มีกลิ่นเหม็นไหม้,เช็ค,W,task01.png,ปั๊มวัตถุดิบ
กระบอกปั๊ม,ปั๊มวัตถุดิบ,2,ต้องไม่รั่วซึม,เช็ค,W,task02.jpeg,ปั๊มวัตถุดิบ
น๊อตยึดหน้าปั๊ม,ปั๊มวัตถุดิบ,3,หน้าแปลนต้องสนิทไม่รั่วซึม น๊อตครบตามจำนวน,เช็ค,W,task03.jpeg,ปั๊มวัตถุดิบ
โครงสร้าง,ปั๊มวัตถุดิบ,4,ไม่หักชำรุด ไม่เป็นสนิม,เช็ค,W,task04.jpeg,ปั๊มวัตถุดิบ
ตู้ควบคุมระบบไฟฟ้า,ปั๊มวัตถุดิบ,5,ไม่มีสิ่งผิดปกติด้านในตู้ อุปกรณ์อยู่ในสภาพเรียบร้อย ไม่มีร่องรอยสายไฟชำรุด,เช็ค,W,task05.jpeg,ปั๊มวัตถุดิบ
,ปั๊มวัตถุดิบ,6,,,W,,
,ปั๊มวัตถุดิบ,7,,,W,,
การเคลียร์สิ่งแปลกปลอม / ความสะอาดก่อนส่งมอบ,ปั๊มวัตถุดิบ,6,,ทำ,W,,
Feed Bucket,เครื่องชั่งปลามัลติเฮด,1,ต้องให้ตัวได้สภาพต้องสมบูณร์ไม่ปิดงอ,เช็ค,W,task01.jpeg,เครื่องชั่งปลามัลติเฮด
Linear Feeder Pan,เครื่องชั่งปลามัลติเฮด,2,สภาพต้องไม่ปิดงอ,เช็ค,W,task02.jpeg,เครื่องชั่งปลามัลติเฮด
สกรูพาถ้วย,เครื่องชั่งปลามัลติเฮด,3,ต้องไม่ชำรุดจังหวะพาถ้วยถูกต้อง,เช็ค,W,task03.jpeg,เครื่องชั่งปลามัลติเฮด
Regulator,เครื่องชั่งปลามัลติเฮด,4,ไม่ชำรุดแตกลมไม่รั่ว,เช็ค,W,task04.jpeg,เครื่องชั่งปลามัลติเฮด
หน้าจอ,เครื่องชั่งปลามัลติเฮด,5,หน้าจอไม่ชำรุดแตก,เช็ค,W,task05.jpeg,เครื่องชั่งปลามัลติเฮด
โครงสร้าง,เครื่องชั่งปลามัลติเฮด,6,โครงสร้าไม่ชำรุดหักไม่เป็นสนิม,เช็ค,W,task06.jpeg,เครื่องชั่งปลามัลติเฮด
ตู้ควบคุมระบบไฟฟ้า,เครื่องชั่งปลามัลติเฮด,7,ไม่มีสิ่งผิดปกติด้านในตู้ อุปกรณ์อยู่ในสภาพเรียบร้อย ไม่มีร่องรอยสายไฟชำรุด,เช็ค,W,task07.jpeg,เครื่องชั่งปลามัลติเฮด
การเคลียร์สิ่งแปลกปลอม / ความสะอาดก่อนส่งมอบ,เครื่องชั่งปลามัลติเฮด,8,,ทำ,W,,
สายพานกลม,เครื่องบรรจุซองเพ้าช์TYJ,1,สายพานไม่ขาดชำรุด,เช็ค,W,task01.png,เครื่องบรรจุซองเพ้าช์TYJ
ลูกปืน/อัดจาระบี,เครื่องบรรจุซองเพ้าช์TYJ,2,ไม่หลวมคอน,เช็ค/ทำ,W,task02.jpeg,เครื่องบรรจุซองเพ้าช์TYJ
ตัวดูดปากและก้นถุง,เครื่องบรรจุซองเพ้าช์TYJ,3,ไม่ชำรุด ฉีกขาด,เช็ค,W,task03.jpeg,เครื่องบรรจุซองเพ้าช์TYJ
หัวเติมอาหาร,เครื่องบรรจุซองเพ้าช์TYJ,4,ไม่ชำรุดหรือเป็นสนิม,เช็ค,W,task04.png,เครื่องบรรจุซองเพ้าช์TYJ
เทปทนความร้อน            Teflon Sheet,เครื่องบรรจุซองเพ้าช์TYJ,5,ไม่ฉีกขาด สะอาดพร้อมใช้งาน,เช็ค,W,task05.jpeg,เครื่องบรรจุซองเพ้าช์TYJ
มอเตอร์ Vaccum,เครื่องบรรจุซองเพ้าช์TYJ,6,ไม่มีเสียงดัง,เช็ค,W,task06.png,เครื่องบรรจุซองเพ้าช์TYJ
มอเตอร์ขับ,เครื่องบรรจุซองเพ้าช์TYJ,7,มอเตอร์ขับเกียร์ต้องไม่มีเสียงดัง,เช็ค,W,task07.jpeg,เครื่องบรรจุซองเพ้าช์TYJ
ตู้ควบคุมระบบไฟฟ้า,เครื่องบรรจุซองเพ้าช์TYJ,8,ไม่มีสิ่งผิดปกติด้านในตู้ อุปกรณ์อยู่ในสภาพเรียบร้อย ไม่มีร่องรอยสายไฟชำรุด,เช็ค,W,task08.jpeg,เครื่องบรรจุซองเพ้าช์TYJ
เปลี่ยนน้ำมันทุ่ก 6 เดือน,เครื่องบรรจุซองเพ้าช์TYJ,9,เปลี่ยนน้ำมันวันที่:,ทำ,W,,
การเคลียร์สิ่งแปลกปลอม / ความสะอาดก่อนส่งมอบ,เครื่องบรรจุซองเพ้าช์TYJ,10,,ทำ,W,,
ตัวดุดปาก / ก้นถุง,เครื่องบรรจุเพ้าช์ Dupex,1,ต้องไม่ฉีกขาดดูดถุงได้ดี,เช็ค,W,task01.jpeg,เครื่องบรรจุเพ้าช์_Dupex
สายพานกลมพาถุง,เครื่องบรรจุเพ้าช์ Dupex,2,ต้องไม่ชำรุดฉีกขาด,เช็ค,W,task02.jpeg,เครื่องบรรจุเพ้าช์_Dupex
หัวเติมอาหาร,เครื่องบรรจุเพ้าช์ Dupex,3,ต้องไม่ชำรุดและรั่ว,เช็ค,W,task03.jpeg,เครื่องบรรจุเพ้าช์_Dupex
กระบอกสูบอาหาร,เครื่องบรรจุเพ้าช์ Dupex,4,อาหารต้องไม่รั่วและชำรุด,เช็ค,W,task04.jpeg,เครื่องบรรจุเพ้าช์_Dupex
Regulator,เครื่องบรรจุเพ้าช์ Dupex,5,ไม่ชำรุดแตก ลมไม่รั่ว,เช็ค,W,task05.jpeg,เครื่องบรรจุเพ้าช์_Dupex
กรวยรับอาหาร,เครื่องบรรจุเพ้าช์ Dupex,6,สภาพไม่แตกหักบิดงอ,เช็ค,W,task06.jpeg,เครื่องบรรจุเพ้าช์_Dupex
เทปทนความร้อน,เครื่องบรรจุเพ้าช์ Dupex,7,สภาพต้องไม่ฉีกขาดชำรุด,เช็ค,W,task07.jpeg,เครื่องบรรจุเพ้าช์_Dupex
มอเตอร์เกียร์+เกียร์ทดรอบ,เครื่องบรรจุเพ้าช์ Dupex,8,มอเตอร์ต้องไม่มีเสียงดัง/เกียร์น้ำมันไม่รั่ว,เช็ค,W,task08.jpeg,เครื่องบรรจุเพ้าช์_Dupex
เปลี่ยนน้ำมันทุ่ก 6 เดือน,เครื่องบรรจุเพ้าช์ Dupex,9,เปลี่ยนน้ำมันวันที่:,ทำ,W,,
การเคลียร์สิ่งแปลกปลอม / ความสะอาดก่อนส่งมอบ,เครื่องบรรจุเพ้าช์ Dupex,10,,ทำ,W,,
สภาพตัวเครื่อง,เครื่องปิดฝา,1,จะต้องไม่เป็นสนิม สีต้องไม่หลุดร่อน ต้องสะอาด,เช็ค,W,task01.jpeg,เครื่องปิดฝา
Cover Index Lever,เครื่องปิดฝา,2,สภาพต้องสมบูรณ์ไม่คดงอสามารถกั้นกระป๋องเรียกฝาได้,เช็ค,W,task02.jpeg,เครื่องปิดฝา
Rim Gear Feed Disc,เครื่องปิดฝา,3,หน้าจานต้องเรียบไม่บิดงอ ฟันฟืองต้องสมบูรณ์,เช็ค,W,task03.jpeg,เครื่องปิดฝา
Auxiliary Feed Ring Gear 64T,เครื่องปิดฝา,4,หน้าจานเฟืองต้องเรียบ ระยะให้ตัวของร่องฟันไม่มากเกินไป,เช็ค,W,task04.jpeg,เครื่องปิดฝา
Screw Feed,เครื่องปิดฝา,5,จังหวะต้องสัมพันธ์กับ Feed Disc Arm กระป๋องผ่านสะดวก,เช็ค,W,task05.jpeg,เครื่องปิดฝา
Cover Separator Roll,เครื่องปิดฝา,6,จังหวะต้องสัมพันธ์กับ RDE 14/15 และ Feed Disc Arm,เช็ค,W,task06.jpeg,เครื่องปิดฝา
Cover Carier RDE 14/15,เครื่องปิดฝา,7,ช่องพ่น Steam ต้องไม่อุดตัน และพาฝาและกระป๋องได้ดี,เช็ค,W,task07.jpeg,เครื่องปิดฝา
ตู้ควบคุมระบบไฟฟ้า,เครื่องปิดฝา,8,ไม่มีสิ่งผิดปกติด้านในตู้ อุปกรณ์อยู่ในสภาพเรียบร้อย ไม่มีร่องรอยสายไฟชำรุด,เช็ค,W,task08.jpeg,เครื่องปิดฝา
เปลี่ยนน้ำมันทุ่ก 3 เดือน,เครื่องปิดฝา,9,เปลี่ยนน้ำมันวันที่:,ทำ,W,,
การเคลียร์สิ่งแปลกปลอม / ความสะอาดก่อนส่งมอบ,เครื่องปิดฝา,10,,ทำ,W,,
Knockout Pat (ตัวกดฝา),เช็คหัวชีม,1,หน้าสัมผัสต้องเรียบไม่มีรอยบุบ ไม่คดงอ,เช็ค,W,task01.jpeg,เช็คหัวชีม
Support Ring (หน้าจานทองเหลือง),เช็คหัวชีม,2,หน้าจานทองเหลืองต้องตรงไม่บิดงอเสียรูป,เช็ค,W,task02.jpeg,เช็คหัวชีม
Head Chusion Spring (สปริงข้าง),เช็คหัวชีม,3,สปริงข้างหัว Seam ต้องไม่หักชำรุด,เช็ค,W,task03.jpeg,เช็คหัวชีม
Seaming Roll Bearing 1st /2nd,เช็คหัวชีม,4,ลูกปืนกรงนกต้องไม่ชำรุด ก้านลูกปืนต้องอยู่ครบ,เช็ค,W,task04.jpeg,เช็คหัวชีม
Seaming Roll 1st / 2nd,เช็คหัวชีม,5,Roll ต้องไม่เป็นสนิม เบอร์ที่ใช้ต้องถูกต้อง,เช็ค,W,task05.jpeg,เช็คหัวชีม
,เช็คหัวชีม,6,,,W,,
,เช็คหัวชีม,7,,,W,,
,เช็คหัวชีม,8,,,W,,
Seaming Roll Adjustimg Ring,เช็คหัวชีม,6,สภาพต้องไม่มีรอยแตกร้าว หรือชำรุดหัก,เช็ค,W,,
Seaming Roll Pin 1st / 2nd,เช็คหัวชีม,7,Roll Pin ต้องสามารถให้ตัวได้ดี ไม่สึกหรือหัก,เช็ค,W,,
การเคลียร์สิ่งแปลกปลอม / ความสะอาดก่อนส่งมอบ,เช็คหัวชีม,8,,ทำ,W,,
Lifter Spring,Lifter Unit,1,สปริงต้องไม่หัก มีการให้ตัว ขึ้น-ลงได้ดี,เช็ค,W,task01.jpeg,Lifter_Unit
Lifter Bearing,Lifter Unit,2,ล่องลิ่มระยะการขยับซ้าย-ขวาต้องไม่มากเกินไป,เช็ค,W,task02.jpeg,Lifter_Unit
Lifter Adjusment nut,Lifter Unit,3,รูปรับต้องสามรถปรับความสูง-ต่าได้ ไม่ชำรุด,เช็ค,W,task03.jpeg,Lifter_Unit
Lifter Adjusment nut Spring washer,Lifter Unit,4,แหวนล็อคสปริงต้องไม่ชำรุดหัก ปุ่มล๊อคต้องไม่สึก,เช็ค,W,task04.jpeg,Lifter_Unit
Lifter Spring Tension nut,Lifter Unit,5,รูปรับต้องสามารถปรับสปริงได้ ไม่ชำรุด,เช็ค,W,task05.jpeg,Lifter_Unit
Lifter Insert,Lifter Unit,6,ต้องไม่บุบ หน้าสัมผัสต้องเรียบ,เช็ค,W,task06.jpeg,Lifter_Unit
Lifter Plate,Lifter Unit,7,แผ่นเพลทต้องผิวเรียบไม่สึก หรือชำรุด,เช็ค,W,task07.jpeg,Lifter_Unit
การเคลียร์สิ่งแปลกปลอม / ความสะอาดก่อนส่งมอบ,Lifter Unit,8,,ทำ,W,,
มอเตอร์เกียร์,สายพานสามกลับ,1,มอเตอร์เกียร์ต้องไม่มีน้ามันรั่วซึม ต้องไม่มีเสียงดังผิดปกติ,เช็ค,W,task01.jpeg,สายพานสามกลับ
ลูกปืน/อัดจาระบี,สายพานสามกลับ,2,ลูกปืนต้องไม่หลวมคอน หรือชำรุดแตก,เช็ค/ทำ,W,task02.jpeg,สายพานสามกลับ
เฟือง /โซ่ ขับสายพาน,สายพานสามกลับ,3,ฟันเฟืองต้องไม่ล้มหรือแหลมคม / โซ่ข้อต่อต้องไม่หลวม,เช็ค,W,task03.jpeg,สายพานสามกลับ
เฟืองชุปเปอร์ลีน /โซ่สายพาน,สายพานสามกลับ,4,เฟืองต้องไม่หักหรือเสียรูป / โซ่สายพานต้องไม่ขาดชำรุด หรือไม่หย่อน,เช็ค,W,task04.jpeg,สายพานสามกลับ
มอเตอร์ปั๊มน้ำ,สายพานสามกลับ,5,มอเตอร์ปั๊มต้องไม่มีเสียงดังผิดปกติ และไม่มีกลิ่นเหม็นไหม้,เช็ค,W,task05.jpeg,สายพานสามกลับ
โครงสร้างทั่วไป,สายพานสามกลับ,6,โครงสร้างของเครื่องงต้องไม่หักชำรุดหรือเป็นสนิม / ท่อไอต้องไม่มีน้ำรั่ว,เช็ค,W,task06.jpeg,สายพานสามกลับ
ตู้ควบคุมระบบไฟฟ้า,สายพานสามกลับ,7,ไม่มีสิ่งผิดปกติด้านในตู้ อุปกรณ์อยู่ในสภาพเรียบร้อย ไม่มีร่องรอยสายไฟชำรุด,เช็ค,W,task07.jpeg,สายพานสามกลับ
เปลี่ยนถ่ายน้ำมันเกียร์ทุ่ก 6 เดือน,สายพานสามกลับ,8,เปลี่ยนน้ำมันวันที่:,ทำ,W,,
การเคลียร์สิ่งแปลกปลอม / ความสะอาดก่อนส่งมอบ,สายพานสามกลับ,9,,ทำ,W,,
ลูกปืน/อัดจาระบี,สายพานชั่ง,1,ลูกปืนต้องไม่หลวมคอน หรือชำรุดแตก,เช็ค/ทำ,W,task01.jpeg,สายพานชั่ง
มอเตอร์เกียร์,สายพานชั่ง,2,มอเตอร์เกียร์ต้องไม่มีน้ำมันรั่วซึม และไม่มีกลิ่นเหม็นไหม้,เช็ค,W,task02.jpeg,สายพานชั่ง
สายพาน,สายพานชั่ง,3,สภาพสายพานต้องไม่ขาดชำรุด,เช็ค,W,task03.jpeg,สายพานชั่ง
น๊อตล๊อค / หัวอัดจารบี,สายพานชั่ง,4,น๊อตล๊อคต้องมีอยู่ครบทุ่กจุด / หัวอัดจารบีต้องมีครบและไม่อุดตัน,เช็ค,W,task04.jpeg,สายพานชั่ง
โครงสร้างเครื่อง,สายพานชั่ง,5,สภาพโครงสร้างต้องไม่ชำรุดหักและไม่เป็นสนิม,เช็ค,W,task05.jpeg,สายพานชั่ง
ตู้ควบคุมระบบไฟฟ้า,สายพานชั่ง,6,ไม่มีสิ่งผิดปกติด้านในตู้ อุปกรณ์อยู่ในสภาพเรียบร้อย ไม่มีร่องรอยสายไฟชำรุด,เช็ค,W,task06.jpeg,สายพานชั่ง
เปลี่ยนถ่ายน้ำมันทุ่ก 6 เดือน,สายพานชั่ง,7,เปลี่ยนน้ำมันวันที่:,ทำ,W,,
การเคลียร์สิ่งแปลกปลอม / ความสะอาดก่อนส่งมอบ,สายพานชั่ง,8,,ทำ,W,,
สตาร์ทางเข้า,Filler,1,จังหวะต้องตรงกับหน้าจาน และไม่ชำรุด,เช็ค,W,task01.jpeg,Filler
เกียร์ทดรอบ,Filler,2,ต้องไม่มีน้ำมันรั่วชึม ลูกปืนต้องไม่แตก,เช็ค,W,task02.jpeg,Filler
เฟือง / โซ่,Filler,3,ฟันเฟืองต้องไม่สึกแหลม / โซ่ต้องไม่หย่อน ข้อต่อต้องไม่หลวม,เช็ค,W,task03.jpeg,Filler
มอเตอร์,Filler,4,มอเตอร์ต้องไม่มีเสียงดังผิดปกติ ไม่มีกลิ่นเหม็นไหม้,เช็ค,W,task04.jpeg,Filler
ลูกปืน/อัดจาระบี,Filler,5,ลุกปืนต้องไม่หลวมคอน และไม่ชำรุดแตก,เช็ค/ทำ,W,task05.jpeg,Filler
สายพานพากระป๋อง,Filler,6,สานพานต้องไม่ชำรุด แตก,เช็ค,W,task06.jpeg,Filler
โครงสร้างเครื่อง,Filler,7,สภาพโครงสร้างเครื่องต้องไม่ชำรุดหัก หรือเป็นสนิม,เช็ค,W,task07.jpeg,Filler
ตู้ควบคุมระบบไฟฟ้า,Filler,8,ไม่มีสิ่งผิดปกติด้านในตู้ อุปกรณ์อยู่ในสภาพเรียบร้อย ไม่มีร่องรอยสายไฟชำรุด,เช็ค,W,task08.jpeg,Filler
เปลี่ยนถ่ายน้ำมันทุ่ก 6 เดือน,Filler,9,เปลี่ยนน้ำมันวันที่:,ทำ,W,,
การเคลียร์สิ่งแปลกปลอม / ความสะอาดก่อนส่งมอบ,Filler,10,,ทำ,W,,
ลูกสูบกระบออกบรรจุ,Filling,1,สภาพต้องสมบูรณ์ไม่มีรอยฉีกขาด,เช็ค,W,task01.jpeg,Filling
วาล์วบรรจุ,Filling,2,วาล์วต้องไม่รั่ว สามารถเปิด-ปิดได้ปกติดี,เช็ค,W,task02.jpeg,Filling
กระเก็น Ferrule,Filling,3,ประเก็นเทปล่อนต้องไม่มีรอยฉีกขาด,เช็ค,W,task03.jpeg,Filling
โซลินอยวาล์ว,Filling,4,กด Test ที่โซลินอยวาล์วต้องทำงานปกติ,เช็ค,W,task04.jpeg,Filling
สายพานลำเลียง,Filling,5,สภาพต้องไม่มีรอยแตกหัก สายพานต้องไม่หย่อน,เช็ค,W,task05.jpeg,Filling
มอเตอร์เกียร์,Filling,6,มอเตอร์ต้องไม่มีเสียงดังผิดปกติ และไม่มีกลิ่นเหม็นไหม้,เช็ค,W,task06.jpeg,Filling
โครงสร้าง,Filling,7,โครงสร้างต้องไม่หักชำรุด และไม่เป็นสนิม,เช็ค,W,task07.jpeg,Filling
ตู้ควบคุมระบบไฟฟ้า,Filling,8,ไม่มีสิ่งผิดปกติด้านในตู้ อุปกรณ์อยู่ในสภาพเรียบร้อย ไม่มีร่องรอยสายไฟชำรุด,เช็ค,W,task08.jpeg,Filling
เปลี่ยนถ่ายน้ำมันทุ่ก 6 เดือน,Filling,9,เปลี่ยนน้ำมันวันที่:,ทำ,W,,
การเคลียร์สิ่งแปลกปลอม / ความสะอาดก่อนส่งมอบ,Filling,10,,ทำ,W,,
มอเตอร์ปรับ Speed,บรรจุซองแมวเลีย,1,มอเตอร์ต้องไม่มีเสียงดัง สามารถปรับรอบความเร็วได้,เช็ค,W,task01.jpeg,บรรจุซองแมวเลีย
ลูกกลิ้งซีลร้อน-เย็น,บรรจุซองแมวเลีย,2,ลูกกลิ้งต้องไม่บุบ ชำรุด และไม่เป็นสนิม,เช็ค,W,task02.jpeg,บรรจุซองแมวเลีย
เฟือง / โซ่,บรรจุซองแมวเลีย,3,เฟืองต้องไม่แหลมคม / โซ่ ข้อต่อต้องไม่หลวม,เช็ค,W,task03.jpeg,บรรจุซองแมวเลีย
ลูกปืน/อัดจาระบี,บรรจุซองแมวเลีย,4,ลูกปืนต้องไม่หลวมคอน หรือชำรุดแตก,เช็ค/ทำ,W,task04.jpeg,บรรจุซองแมวเลีย
เฟืองชุปเปอร์ลีน,บรรจุซองแมวเลีย,5,ฟันเฟืองต้องไม่หักหริอบิ่น,เช็ค,W,task05.jpeg,บรรจุซองแมวเลีย
Regulator,บรรจุซองแมวเลีย,6,ต้องไม่ชำรุดแตก ลมต้องไม่รัว,เช็ค,W,task06.jpeg,บรรจุซองแมวเลีย
ตู้ควบคุมระบบไฟฟ้า,บรรจุซองแมวเลีย,7,ไม่มีสิ่งผิดปกติด้านในตู้ อุปกรณ์อยู่ในสภาพเรียบร้อย ไม่มีร่องรอยสายไฟชำรุด,เช็ค,W,task07.jpeg,บรรจุซองแมวเลีย
เปลี่ยนถ่ายน้ำมันทุ่ก 6 เดือน,บรรจุซองแมวเลีย,8,เปลี่ยนน้ำมันวันที่:,ทำ,W,,
การเคลียร์สิ่งแปลกปลอม / ความสะอาดก่อนส่งมอบ,บรรจุซองแมวเลีย,9,,ทำ,W,,
หน้าจอวัดอุณหภูมิ,บรรจุแมวเลียTTK,1,หน้าจอต้องไม่ชำรุด,เช็ค,W,task01.jpeg,บรรจุแมวเลียTTK
มอเตอร์,บรรจุแมวเลียTTK,2,ต้องไม่มีเสียงดัง ไม่มีกลิ่นเหม็นไหม้,เช็ค,W,task02.jpeg,บรรจุแมวเลียTTK
บาร์ชิลร้อน,บรรจุแมวเลียTTK,3,ต้องไม่ชำรุดแตก หรือบิดงอ,เช็ค,W,task03.jpeg,บรรจุแมวเลียTTK
กระบอกลม,บรรจุแมวเลียTTK,4,ต้องทำงานได้ดีไม่รั่ว,เช็ค,W,task04.jpeg,บรรจุแมวเลียTTK
วาล์วเติมอาหาร,บรรจุแมวเลียTTK,5,วาล์วต้องไม่ชำรุดรั่ว,เช็ค,W,task05.jpeg,บรรจุแมวเลียTTK
Regulator,บรรจุแมวเลียTTK,6,ต้องไม่ชำรุดแตก ลมต้องไม่รัว,เช็ค,W,task06.jpeg,บรรจุแมวเลียTTK
ตู้ควบคุมระบบไฟฟ้า,บรรจุแมวเลียTTK,7,ไม่มีสิ่งผิดปกติด้านในตู้ อุปกรณ์อยู่ในสภาพเรียบร้อย ไม่มีร่องรอยสายไฟชำรุด,เช็ค,W,task07.jpeg,บรรจุแมวเลียTTK
การเคลียร์สิ่งแปลกปลอม / ความสะอาดก่อนส่งมอบ,บรรจุแมวเลียTTK,8,,ทำ,W,,
หน้าจอ,เครื่องพิมพ์ซองแมวเลีย,1,หน้าจอต้องไม่ชำรุดแตก,เช็ค,W,task01.jpeg,เครื่องพิมพ์ซองแมวเลีย
สปริง,เครื่องพิมพ์ซองแมวเลีย,2,สปริงต้องมีอยู่ครบและไม่ชำรุดหัก,เช็ค,W,task02.jpeg,เครื่องพิมพ์ซองแมวเลีย
ม้วนหมึก,เครื่องพิมพ์ซองแมวเลีย,3,ม้วนผ้าหมึกต้องไม่ขาดชำรุด,เช็ค,W,task03.jpeg,เครื่องพิมพ์ซองแมวเลีย
เซ็นเซอร์จับซอง,เครื่องพิมพ์ซองแมวเลีย,4,ต้องไม่ชำรุดแตกหัก,เช็ค,W,task04.jpeg,เครื่องพิมพ์ซองแมวเลีย
ตู้ควบคุมระบบไฟฟ้า,เครื่องพิมพ์ซองแมวเลีย,5,ไม่มีสิ่งผิดปกติด้านในตู้ อุปกรณ์อยู่ในสภาพเรียบร้อย ไม่มีร่อยรอยสายไฟชำรุด,เช็ค,W,,
,เครื่องพิมพ์ซองแมวเลีย,6,,,W,,
,เครื่องพิมพ์ซองแมวเลีย,7,,,W,,
การเคลียร์สิ่งแปลกปลอม / ความสะอาดก่อนส่งมอบ,เครื่องพิมพ์ซองแมวเลีย,8,,ทำ,W,,
หน้าจอ,เครื่องพิมพ์กล่อง,1,หน้าจอต้องไม่ชำรุดแตก,เช็ค,W,task01.jpeg,เครื่องพิมพ์กล่อง
หัวยิงหมึก,เครื่องพิมพ์กล่อง,2,หัวยิงหมึกต้องไม่อุดตัน,เช็ค,W,task02.jpeg,เครื่องพิมพ์กล่อง
หมึก,เครื่องพิมพ์กล่อง,3,หมึกต้องไม่หมด,เช็ค,W,task03.jpeg,เครื่องพิมพ์กล่อง
หลอดบอกสถานะ,เครื่องพิมพ์กล่อง,4,ต้องไม่ชำรุดแตกหัก,เช็ค,W,task04.jpeg,เครื่องพิมพ์กล่อง
โครงสร้าง,เครื่องพิมพ์กล่อง,5,โครงสร้างต้องไม่ชำรุดหัก,เช็ค,W,task05.jpeg,เครื่องพิมพ์กล่อง
,เครื่องพิมพ์กล่อง,6,,,W,,
,เครื่องพิมพ์กล่อง,7,,,W,,
การเคลียร์สิ่งแปลกปลอม / ความสะอาดก่อนส่งมอบ,เครื่องพิมพ์กล่อง,6,,ทำ,W,,
Form and Seal Top,TP R2,1,บาร์ชิลต้องไม่ชำรุด สามารถชิลได้ดี,เช็ค,W,task01.jpeg,TP_R2
Form and Seal Bottom,TP R2,2,ต้องไม่ชำรุดเสียหาย Mandrel ต้องไม่มีรอยบุบ,เช็ค,W,task02.jpeg,TP_R2
Carton infeed,TP R2,3,ต้องพากล่องได้ดีไม่ชำรุดเสียหาย,เช็ค,W,task03.jpeg,TP_R2
Check jaw Gap,TP R2,4,ระยะต้องพอดีกับกล่องไม่เบียด,เช็ค,W,task04.jpeg,TP_R2
Frame-Sensor,TP R2,5,เฟรมต้องไม่ชำรุดบิดงอ Sensor ต้องไม่ชำรุด,เช็ค,W,task05.jpeg,TP_R2
Package Handling,TP R2,6,ตัว carrier ต้องไม่ชำรุด Support bar ต้องไม่บิดงอ,เช็ค,W,task06.jpeg,TP_R2
Bottom Flap Sealing,TP R2,7,Sealing plate ต้องไม่บุบชำรุด cylingder ลมไม่รั่ว,เช็ค,W,task07.jpeg,TP_R2
การเคลียร์สิ่งแปลกปลอม / ความสะอาดก่อนส่งมอบ,TP R2,8,,ทำ,W,,
มอเตอร์,ปั๊มลมสกรู Air Compressure,1,ต้องไม่มีเสียงดังผิดปกติ,เช็ค,W,task01.jpeg,ปั๊มลมสกรู_Air_Compressure
กรองอากาศ/กรองน้ำมัน,ปั๊มลมสกรู Air Compressure,2,ต้องไม่ชำรุดขาด,เช็ค,W,task02.jpeg,ปั๊มลมสกรู_Air_Compressure
กรองดักน้ำ,ปั๊มลมสกรู Air Compressure,3,ไม่ชำรุดลมไม่รั่ว,เช็ค,W,task03.jpeg,ปั๊มลมสกรู_Air_Compressure
ระดับน้ำมัน,ปั๊มลมสกรู Air Compressure,4,น้ำมันต้องไม่แห้งและเป็นน้ำมันเกรดอาหาร,เช็ค,W,task04.jpeg,ปั๊มลมสกรู_Air_Compressure
จอควมคุม,ปั๊มลมสกรู Air Compressure,5,จอไม่ชำรุด,เช็ค,W,task05.jpeg,ปั๊มลมสกรู_Air_Compressure
ตู้ควบคุมระบบไฟฟ้า,ปั๊มลมสกรู Air Compressure,6,ไม่มีสิ่งผิดปกติด้านในตู้ อุปกรณ์อยู่ในสภาพเรียบร้อย ไม่มีร่องรอยสายไฟชำรุด,เช็ค,W,task06.jpeg,ปั๊มลมสกรู_Air_Compressure
เปลี่ยนถ่ายน้ำมันเกรดอาหารทุ่ก 6 เดือน,ปั๊มลมสกรู Air Compressure,7,เปลี่ยนน้ำมันวันที่:,ทำ,W,,
การเคลียร์สิ่งแปลกปลอม / ความสะอาดก่อนส่งมอบ,ปั๊มลมสกรู Air Compressure,8,,ทำ,W,,
สวิตย์และหน้าจอ,เครื่องทำลมแห้ง,1,ต้องไม่ชำรุดเปิด-ปิดได้,เช็ค,M,,
ตัวกลองน้ำ,เครื่องทำลมแห้ง,2,ต้องไม่ชำรุดใช้งานได้ปกติ,เช็ค,M,,
ระบบท่อ,เครื่องทำลมแห้ง,3,ต้องไม่ชำรุดรั่ว,เช็ค,M,,
พัดลม,เครื่องทำลมแห้ง,4,ต้องไม่ชำรุด,เช็ค,M,,
ฟิลเตอร์กรอง0.01micron,เครื่องทำลมแห้ง,5,ต้องไม่ชำรุดขาด / ทำความสะอาด,เช็ค/ทำ,M,,
ตู้ควบคุมระบบไฟฟ้า,เครื่องทำลมแห้ง,6,ไม่มีสิ่งผิดปกติด้านในตู้ อุปกรณ์อยู่ในสภาพเรียบร้อย ไม่มีร่องรอยสายไฟชำรุด,เช็ค,M,,
,เครื่องทำลมแห้ง,6,,,M,,
,เครื่องทำลมแห้ง,7,,,M,,
การเคลียร์สิ่งแปลกปลอม / ความสะอาดก่อนส่งมอบ,เครื่องทำลมแห้ง,7,,ทำ,W,,
มอเตอร์ปั๊ม,ปั๊มน้ำCooling,1,ต้องไม่มีกลิ่นเหม็นไหม้ไม่เสียงดังผิดปกติ,เช็ค,M,task01.jpeg,ปั๊มน้ำCooling
เกจวัดแรงดันน้า,ปั๊มน้ำCooling,2,ต้องไม่ชำรุดแตก,เช็ค,M,task02.jpeg,ปั๊มน้ำCooling
วาล์วน้ำ,ปั๊มน้ำCooling,3,วาล์วน้ำต้องเปิด-ปิดได้ไม่รั่ว,เช็ค,M,task03.jpeg,ปั๊มน้ำCooling
สแตนเนอร์,ปั๊มน้ำCooling,4,ต้องถอดล้างทำความสะอาด,เช็ค,M,task04.jpeg,ปั๊มน้ำCooling
เทอร์มินอลและขั้วสายไฟ,ปั๊มน้ำCooling,5,ต้องไม่ชำรุด/ขั้วไฟต้องแน่น,เช็ค,M,task05.jpeg,ปั๊มน้ำCooling
ตู้ควบคุมระบบไฟฟ้า,ปั๊มน้ำCooling,6,ไม่มีสิ่งผิดปกติด้านในตู้ อุปกรณ์อยู่ในสภาพเรียบร้อย ไม่มีร่องรอยสายไฟชำรุด,เช็ค,M,task06.jpeg,ปั๊มน้ำCooling
สลับการใช้ปั๊มน้ำทุก 1 เดือน,ปั๊มน้ำCooling,7,,ทำ,M,,
การเคลียร์สิ่งแปลกปลอม / ความสะอาดก่อนส่งมอบ,ปั๊มน้ำCooling,8,,ทำ,W,,
มอเตอร์,COOLING WATER,1,ต้องไม่เสียงดังผิดปกติ,เช็ค,M,task01.jpeg,COOLING_WATER
ใบพัดและน๊อต,COOLING WATER,2,ใบพัดไม่ชำรุดหัก/น๊อตยึดต้องอยู่ครบ,เช็ค,M,task02.jpeg,COOLING_WATER
แผงรังผึ้ง,COOLING WATER,3,ต้องไม่ชำรุดขาดน้าไหลผ่านได้ดี,เช็ค,M,task03.jpeg,COOLING_WATER
ท่อเดนน้ำ,COOLING WATER,4,ต้องไม่ชำรุดน้ำไม่รั่วชึม,เช็ค,M,task04.jpeg,COOLING_WATER
โครงสร้าง,COOLING WATER,5,ไม่ชำรุดแตกหัก น้ำไม่รั่ว,เช็ค,M,task05.jpeg,COOLING_WATER
ตู้ควบคุมระบบไฟฟ้า,COOLING WATER,6,ไม่มีสิ่งผิดปกติด้านในตู้ อุปกรณ์อยู่ในสภาพเรียบร้อย ไม่มีร่องรอยสายไฟชำรุด,เช็ค,M,task06.jpeg,COOLING_WATER
,COOLING WATER,7,,,M,,
การเคลียร์สิ่งแปลกปลอม / ความสะอาดก่อนส่งมอบ,COOLING WATER,7,,ทำ,W,,
ถังพักน้ำ,ถังพักน้ำ,1,ต้องไม่ชำรุดแตก,เช็ค,M,task01.jpeg,ถังพักน้ำ
ระบบท่อส่งน้ำ,ถังพักน้ำ,2,ท่อส่งน้ำต้องไม่แตกไม่รั่ว,เช็ค,M,task02.jpeg,ถังพักน้ำ
วาล์ว,ถังพักน้ำ,3,วาล์วน้ำต้องไม่รั่วไม่ชำรุด,เช็ค,M,task03.jpeg,ถังพักน้ำ
ท่อเติมน้ำเข้า,ถังพักน้ำ,4,ท่อเติมน้ำเข้าต้องไม่ชำรุดแตก,เช็ค,M,task04.jpeg,ถังพักน้ำ
มอเตอร์ปั๊ม,ถังพักน้ำ,5,ไม่เสียงดังผิดปกติน้ำไม่รั่ว,เช็ค,M,task05.jpeg,ถังพักน้ำ
ตู้ควบคุมระบบไฟฟ้า,ถังพักน้ำ,6,ไม่มีสิ่งผิดปกติด้านในตู้ อุปกรณ์อยู่ในสภาพเรียบร้อย ไม่มีร่องรอยสายไฟชำรุด,เช็ค,M,task06.jpeg,ถังพักน้ำ
,ถังพักน้ำ,7,,,M,,
การเคลียร์สิ่งแปลกปลอม / ความสะอาดก่อนส่งมอบ,ถังพักน้ำ,7,,ทำ,W,,
เทอร์โมมิเตอร์,Chiller,1,ต้องไม่ชำรุดแตก,เช็ค,M,task01.jpeg,Chiller
น้ำมันคอมแอร์,Chiller,2,ต้องไม่แห้งและมีเพียงพอ,เช็ค,M,task02.jpeg,Chiller
เพรสเซอร์เกรส,Chiller,3,หน้าปัดต้องไม่แตก,เช็ค,M,task03.jpeg,Chiller
มอเตอร์,Chiller,4,ต้องไม่มีเสียงดังผิดปกติ,เช็ค,M,task04.jpeg,Chiller
โครงสร้าง,Chiller,5,ต้องไม่ชำรุดหัก,เช็ค,M,task05.jpeg,Chiller
ท่อน้ำยา,Chiller,6,ท่อน้ำยาต้องไม่รั่ว,เช็ค,M,task06.jpeg,Chiller
ตู้ควบคุมระบบไฟฟ้า,Chiller,7,ไม่มีสิ่งผิดปกติด้านในตู้ อุปกรณ์อยู่ในสภาพเรียบร้อย ไม่มีร่องรอยสายไฟชำรุด,เช็ค,M,task07.jpeg,Chiller
การเคลียร์สิ่งแปลกปลอม / ความสะอาดก่อนส่งมอบ,Chiller,8,,ทำ,W,,
รางน้ำฝน,ท่อระบายน้ำและรางน้ำฝน,1,ต้องไม่รั่ว ไม่ชำรุด,เช็ค,M,task01.jpeg,ท่อระบายน้ำและรางน้ำฝน
ท่อระบายน้ำฝน,ท่อระบายน้ำและรางน้ำฝน,2,ท่อระบายน้ำต้องไม่อุดตันระบายน้ำได้ดี,เช็ค,M,task02.jpeg,ท่อระบายน้ำและรางน้ำฝน
ท่อน้ำฝน,ท่อระบายน้ำและรางน้ำฝน,3,ท่อน้ำฝนต้องไม่ชำรุดแตกและไม่อุดตัน,เช็ค,M,task03.jpeg,ท่อระบายน้ำและรางน้ำฝน
,ท่อระบายน้ำและรางน้ำฝน,4,,,M,,
,ท่อระบายน้ำและรางน้ำฝน,5,,,M,,
,ท่อระบายน้ำและรางน้ำฝน,6,,,M,,
,ท่อระบายน้ำและรางน้ำฝน,7,,,M,,
การเคลียร์สิ่งแปลกปลอม / ความสะอาดก่อนส่งมอบ,ท่อระบายน้ำและรางน้ำฝน,4,,ทำ,W,,
ไส้กรองเมมเบรน,ระบบน้ำ RO1,1,ถอดล้างไส้กรองและตรวจเช็คสภาพไส้กรอง,เช็ค/ทำ,W,task01.jpeg,ระบบน้ำ_RO1
ไส้กรองใยสังเคราะห์,ระบบน้ำ RO1,2,ฉีดล้างทำความสะอาดด้วยน้ำสะอาดพร้อมตรวจเช็ค,เช็ค/ทำ,W,task02.jpeg,ระบบน้ำ_RO1
แอนทราไซค์ (50ลิตร),ระบบน้ำ RO1,3,ล้างย้อนกลับเป็นเวลาอย่างน้อย 5-10 นาที หรือตามความเหมาะสม,ทำ,W,task03.jpeg,ระบบน้ำ_RO1
แมงกานีส (50ลิตร),ระบบน้ำ RO1,4,ล้างย้อนกลับเป็นเวลาอย่างน้อย 5-10 นาที หรือตามความเหมาะสม,ทำ,W,task04.jpeg,ระบบน้ำ_RO1
คาร์บอน (100 ลิตร),ระบบน้ำ RO1,5,ล้างย้อนกลับเป็นเวลาอย่างน้อย 5-10 นาที หรือตามความเหมาะสม,ทำ,W,task05.jpeg,ระบบน้ำ_RO1
เรซิ่น (100 ลิตร),ระบบน้ำ RO1,6,ล้างย้อนกลับเป็นเวลาอย่างน้อย 5-10 นาที หรือตามความเหมาะสม,ทำ,W,task06.jpeg,ระบบน้ำ_RO1
ตู้ควบคุมระบบไฟฟ้า,ระบบน้ำ RO1,7,ไม่มีสิ่งผิดปกติด้านในตู้ อุปกรณ์อยู่ในสภาพเรียบร้อย ไม่มีร่องรอยสายไฟชำรุด,เช็ค,W,task07.jpeg,ระบบน้ำ_RO1
การเคลียร์สิ่งแปลกปลอม / ความสะอาดก่อนส่งมอบ,ระบบน้ำ RO1,8,,ทำ,W,,
โครงสร้าง,อาคาร,1,ต้องไม่ชำรุดหัก,เช็ค,M,task01.jpeg,อาคาร
บานประตู,อาคาร,2,ไม่ชำรุดเปิด-ปิดได้ปกติ,เช็ค,M,task02.jpeg,อาคาร
หลังคาและผนังเมททอลชีท,อาคาร,3,หลังคาต้องไม่รั่วผนังต้องไม่ชำรุด,เช็ค,M,task03.jpeg,อาคาร
ผนังปูน,อาคาร,4,ผนังปูนต้องไม่แตก,เช็ค,M,task04.jpeg,อาคาร
บันได,อาคาร,5,ต้องไม่หักชำรุด,เช็ค,M,task05.jpeg,อาคาร
,อาคาร,6,,,M,,
,อาคาร,7,,,M,,
การเคลียร์สิ่งแปลกปลอม / ความสะอาดก่อนส่งมอบ,อาคาร,6,,ทำ,W,,
สวิตย์ควบคุม,เครื่องปรับอากาศ,1,ต้องไม่ชำรุด เปิด-ปิดได้ปกติ,เช็ค,M,task01.jpeg,เครื่องปรับอากาศ
โครงสร้าง,เครื่องปรับอากาศ,2,ต้องอยู่ในสภาพปกติไม่ชำรุด,เช็ค,M,task02.jpeg,เครื่องปรับอากาศ
ท่อแอร์,เครื่องปรับอากาศ,3,ท่อต้องไม่รั่วไม่ชำรุดแตก,เช็ค,M,task03.jpeg,เครื่องปรับอากาศ
แผงรังผึ้ง,เครื่องปรับอากาศ,4,ต้องสะอาดไม่ชำรุด,เช็ค,M,task04.jpeg,เครื่องปรับอากาศ
ฝาปิด,เครื่องปรับอากาศ,5,ต้องไม่ชำรุดแตก,เช็ค,M,task05.jpeg,เครื่องปรับอากาศ
ฟิลเตอร์กรอง,เครื่องปรับอากาศ,6,ต้องไม่มีฝุ่นเกาะหนาแน่น,เช็ค,M,task06.jpeg,เครื่องปรับอากาศ
ตู้ควบคุมระบบไฟฟ้า,เครื่องปรับอากาศ,7,ไม่มีสิ่งผิดปกติด้านในตู้ อุปกรณ์อยู่ในสภาพเรียบร้อย ไม่มีร่อยรอยสายไฟชำรุด,เช็ค,M,task07.jpeg,เครื่องปรับอากาศ
การเคลียร์สิ่งแปลกปลอม / ความสะอาดก่อนส่งมอบ,เครื่องปรับอากาศ,8,,ทำ,W,,
มอเตอร์แอร์,คอยเย็นแอร์,1,มอเตอร์ต้องไม่มีกลิ่นเหม็นไหม้,เช็ค,W,task01.jpeg,คอยเย็นแอร์
ฟิลเตอร์กรอง,คอยเย็นแอร์,2,ต้องอยู่ในสภาพปกติไม่ชำรุด ไม่อุดตัน/ทำความสะอาด,เช็ค/ทำ,W,task02.jpeg,คอยเย็นแอร์
แผงควบคุม,คอยเย็นแอร์,3,แผงต้องไม่มีรอยไหม้ ต้องสภาพสมบูณร์,เช็ค,W,task03.jpeg,คอยเย็นแอร์
ฟิวส์,คอยเย็นแอร์,4,สภาพต้องไม่ชำรุด ไม่ขาด,เช็ค,W,task04.jpeg,คอยเย็นแอร์
ท่อเดนน้ำ,คอยเย็นแอร์,5,ท่อเดนน้ำต้องไม่อุดตัน,เช็ค,W,task05.jpeg,คอยเย็นแอร์
ตู้ควบคุมระบบไฟฟ้า,คอยเย็นแอร์,6,อุปกรณ์ในตู้ต้องอยู่ในสภาพเรียบร้อย,เช็ค,W,task06.jpeg,คอยเย็นแอร์
การเคลียร์สิ่งแปลกปลอม / ความสะอาดก่อนส่งมอบ,คอยเย็นแอร์,7,,ทำ,W,,
โครงสร้าง,เครื่องปั่นผสมแป้ง,1,ต้องไม่ชำรุดหัก,เช็ค,W,task01.jpeg,เครื่องปั่นผสมแป้ง
มอเตอร์,เครื่องปั่นผสมแป้ง,2,ต้องไม่เสียงดังผิดปกติไม่มีกลิ่นเหม็นไหม้,เช็ค,W,task02.jpeg,เครื่องปั่นผสมแป้ง
ลูกปืน/อัดจาระบี,เครื่องปั่นผสมแป้ง,3,ลูกปืนต้องไม่หลวมคอน ไม่ชชำรุดแตก,เช็ค/ทำ,W,task03.jpeg,เครื่องปั่นผสมแป้ง
มูเล่ย์และสายพาน,เครื่องปั่นผสมแป้ง,4,มูเล่ย์และสายพาน,เช็ค,W,task04.jpeg,เครื่องปั่นผสมแป้ง
เพลาและชิลยาง,เครื่องปั่นผสมแป้ง,5,ชิลยางและเพลา,เช็ค,W,task05.jpeg,เครื่องปั่นผสมแป้ง
ตู้ควบคุมระบบไฟฟ้า,เครื่องปั่นผสมแป้ง,6,ไม่มีสิ่งผิดปกติด้านในตู้ อุปกรณ์อยู่ในสภาพเรียบร้อย ไม่มีร่อยรอยสายไฟชำรุด,เช็ค,W,,
,เครื่องปั่นผสมแป้ง,7,,,W,,
การเคลียร์สิ่งแปลกปลอม / ความสะอาดก่อนส่งมอบ,เครื่องปั่นผสมแป้ง,6,,ทำ,W,,
โครงสร้าง,เครื่องนวดผสมแป้ง,1,โครงสร้างต้องไม่ชำรุดไม่เป็นสนิม,เช็ค,W,task01.jpeg,เครื่องนวดผสมแป้ง
แขวนนวดแป้ง,เครื่องนวดผสมแป้ง,2,ต้องไม่ชำรุดปิดงอ,เช็ค,W,task02.jpeg,เครื่องนวดผสมแป้ง
เฟืองและโซ่,เครื่องนวดผสมแป้ง,3,ฟันเฟืองต้องไม่แหลมคม/โซ่ไม่หย่อน,เช็ค,W,task03.jpeg,เครื่องนวดผสมแป้ง
มูเล่ย์และสายพาน,เครื่องนวดผสมแป้ง,4,มูเล่ย์ไม่ชำรุดแตก/สายพานไม่ขาดชำรุด,เช็ค,W,task04.jpeg,เครื่องนวดผสมแป้ง
มอเตอร์ขับ,เครื่องนวดผสมแป้ง,5,ต้องไม่มีกลิ่นเหม็นไหม้เสียงไม่ดังผิดปกติ,เช็ค,W,task05.jpeg,เครื่องนวดผสมแป้ง
,เครื่องนวดผสมแป้ง,6,,,W,,
,เครื่องนวดผสมแป้ง,7,,,W,,
การเคลียร์สิ่งแปลกปลอม / ความสะอาดก่อนส่งมอบ,เครื่องนวดผสมแป้ง,6,,ทำ,W,,
มอเตอร์,เครื่องนวดส่วนผสม,1,ไม่มีเสียงดังและไม่มีกลิ่นเหม็นไหม้,เช็ค,W,task01.png,เครื่องนวดส่วนผสม
สายพาน,เครื่องนวดส่วนผสม,2,ไม่หย่อนหรือขาดชำรุด,เช็ค,W,task02.jpeg,เครื่องนวดส่วนผสม
มูเล่ย์,เครื่องนวดส่วนผสม,3,ไม่แตกชำรุด,เช็ค,W,task03.jpeg,เครื่องนวดส่วนผสม
ลูกปืน/อัดจาระบี,เครื่องนวดส่วนผสม,4,ไม่หลวมคอนหรือแตกชำรุด,เช็ค/ทำ,W,task04.jpeg,เครื่องนวดส่วนผสม
ใบกวน,เครื่องนวดส่วนผสม,5,ไม่หักหรืองอผิดรูป,เช็ค,W,task05.jpeg,เครื่องนวดส่วนผสม
โครงสร้าง,เครื่องนวดส่วนผสม,6,ไม่บุบหรือชำรุด,เช็ค,W,task06.jpeg,เครื่องนวดส่วนผสม
ตู้ควบคุมระบบไฟฟ้า,เครื่องนวดส่วนผสม,7,ไม่มีสิ่งผิดปกติด้านในตู้ อุปกรณ์อยู่ในสภาพเรียบร้อย ไม่มีร่อยรอยสายไฟชำรุด,เช็ค,W,task07.jpeg,เครื่องนวดส่วนผสม
เปลี่ยนถ่ายน้ำมันเกียร์ทุ่ก 6 เดือน,เครื่องนวดส่วนผสม,8,เปลี่ยนน้ำมันวันที่:,ทำ,W,,
การเคลียร์สิ่งแปลกปลอม / ความสะอาดก่อนส่งมอบ,เครื่องนวดส่วนผสม,9,,ทำ,W,,
มอเตอร์,เครื่องตรวจจับโลหะแบบสายพาน,1,ไม่มีเสียงดังและไม่มีกลิ่นเหม็นไหม้,เช็ค,W,task01.png,เครื่องตรวจจับโลหะแบบสายพาน
มูเล่ย์และสายพาน,เครื่องตรวจจับโลหะแบบสายพาน,2,มูเล่ย์ต้องไม่แตกชำรุด  สายพานขาดชำรุด,เช็ค,W,task02.jpeg,เครื่องตรวจจับโลหะแบบสายพาน
ลูกปืน/อัดจาระบี,เครื่องตรวจจับโลหะแบบสายพาน,3,ไม่หลวมคอนและไม่แตกชำรุด,เช็ค/ทำ,W,task03.jpeg,เครื่องตรวจจับโลหะแบบสายพาน
ปุ่ม Emergency,เครื่องตรวจจับโลหะแบบสายพาน,4,ปุ่มต้องไม่ชำรุด สามารถกดปิดได้,เช็ค,W,task04.jpeg,เครื่องตรวจจับโลหะแบบสายพาน
สายพาน,เครื่องตรวจจับโลหะแบบสายพาน,5,สายพานไม่ขาดชำรุด,เช็ค,W,task05.jpeg,เครื่องตรวจจับโลหะแบบสายพาน
หลอดไฟแสดงสถานะ,เครื่องตรวจจับโลหะแบบสายพาน,6,หลอดไฟต้องไม่แตกชำรุด,เช็ค,W,task06.jpeg,เครื่องตรวจจับโลหะแบบสายพาน
ตู้ควบคุมระบบไฟฟ้า,เครื่องตรวจจับโลหะแบบสายพาน,7,ไม่มีสิ่งผิดปกติด้านในตู้ อุปกรณ์อยู่ในสภาพเรียบร้อย ไม่มีร่อยรอยสายไฟชำรุด,เช็ค,W,,
การเคลียร์สิ่งแปลกปลอม / ความสะอาดก่อนส่งมอบ,เครื่องตรวจจับโลหะแบบสายพาน,7,,ทำ,W,,
มอเตอร์,Extruder,1,ไม่มีเสียงดังและไม่มีกลิ่นเหม็นไหม้,เช็ค,W,task01.png,Extruder
มูเล่ย์,Extruder,2,ไม่แตกชำรุด,เช็ค,W,task02.jpeg,Extruder
สายพาน,Extruder,3,ไม่หย่อนหรือขาดชำรุด,เช็ค,W,task03.jpeg,Extruder
วาล์วไอและวาล์วน้ำ,Extruder,4,เปิด-ปิดได้ ไม่มีการรั่วหรือสนิม,เช็ค,W,task04.jpeg,Extruder
สกรูอัดงาน,Extruder,5,ไม่มีสนิมและไม่มีรอยบิ่น,เช็ค,W,task05.jpeg,Extruder
แบบอัด,Extruder,6,ต้องไม่บุบหรือเป็นรอยจนเสียรูปทรง,เช็ค,W,task06.jpeg,Extruder
โครงสร้าง,Extruder,7,ไม่บุบหรือเกิดสนิม,เช็ค,W,task07.jpeg,Extruder
ตู้ควบคุมระบบไฟฟ้า,Extruder,8,ไม่มีสิ่งผิดปกติด้านในตู้ อุปกรณ์อยู่ในสภาพเรียบร้อย ไม่มีร่อยรอยสายไฟชำรุด,เช็ค,W,task08.jpeg,Extruder
เปลี่ยนถ่ายน้ำมันเกียร์ทุ่ก 6 เดือน,Extruder,9,เปลี่ยนน้ำมันวันที่:,ทำ,W,,
การเคลียร์สิ่งแปลกปลอม / ความสะอาดก่อนส่งมอบ,Extruder,10,,ทำ,W,,
มอเตอร์,สายพานตัดสแน็ค,1,ไม่มีกลิ่นไหม้และไม่มีเสียงดัง,เช็ค,W,task01.png,สายพานตัดสแน็ค
สายพานขับมอเตอร์,สายพานตัดสแน็ค,2,ต้องไม่ชำรุดหรือฉีกขาด,เช็ค,W,task02.jpeg,สายพานตัดสแน็ค
มูเล่ย์,สายพานตัดสแน็ค,3,ล่องมูเล่ห์ต้องไม่แตกหรือสึกหรอ,เช็ค,W,task03.jpeg,สายพานตัดสแน็ค
ลูกปืน/อัดจาระบี,สายพานตัดสแน็ค,4,ไม่หลวมคอนหรือแตกชำรุด,เช็ค/ทำ,W,task04.jpeg,สายพานตัดสแน็ค
พัดลม,สายพานตัดสแน็ค,5,ใบต้องไม่แตกหรือชำรุด,เช็ค,W,task05.jpeg,สายพานตัดสแน็ค
สายพานลำเลียงสแน็ค,สายพานตัดสแน็ค,6,ไม่ชำรุดหรือฉีกขาด,เช็ค,W,task06.jpeg,สายพานตัดสแน็ค
,สายพานตัดสแน็ค,7,,,W,,
การเคลียร์สิ่งแปลกปลอม / ความสะอาดก่อนส่งมอบ,สายพานตัดสแน็ค,7,,ทำ,W,,
มอเตอร์,เครื่องตัดสแน็ค,1,ไม่มีเสียงดังและไม่มีกลิ่นไหม้,เช็ค,W,task01.jpeg,เครื่องตัดสแน็ค
สายพาน / มูเล่ย์,เครื่องตัดสแน็ค,2,สายพานต้องไม่ชำรุดขาด /มูเล่ย์,เช็ค,W,task02.jpeg,เครื่องตัดสแน็ค
ลูกปืน/อัดจาระบี,เครื่องตัดสแน็ค,3,ลูกปืนต้องไม่ชำรุดแตก,เช็ค/ทำ,W,task03.jpeg,เครื่องตัดสแน็ค
เฟือง,เครื่องตัดสแน็ค,4,ต้องไม่ชำรุด,เช็ค,W,task04.jpeg,เครื่องตัดสแน็ค
โซลินอยด์วาล์ว,เครื่องตัดสแน็ค,5,ต้องทำงานได้ปกติไม่ชำรุด,เช็ค,W,task05.jpeg,เครื่องตัดสแน็ค
กระบอกลม,เครื่องตัดสแน็ค,6,ลมต้องไม่รั่ว,เช็ค,W,task06.jpeg,เครื่องตัดสแน็ค
ใบมีด,เครื่องตัดสแน็ค,7,ใบมีดต้องไม่แตก ชำรุด,เช็ค,W,task07.jpeg,เครื่องตัดสแน็ค
ตู้ควบคุมระบบไฟฟ้า,เครื่องตัดสแน็ค,8,ไม่มีสิ่งผิดปกติด้านในตู้ อุปกรณ์อยู่ในสภาพเรียบร้อย ไม่มีร่อยรอยสายไฟชำรุด,เช็ค,W,task08.jpeg,เครื่องตัดสแน็ค
การเคลียร์สิ่งแปลกปลอม / ความสะอาดก่อนส่งมอบ,เครื่องตัดสแน็ค,9,,ทำ,W,,
แผงควบคุม,ตู้อบลมร้อน,1,ต้องไม่แตกชำรุด,เช็ค,W,task01.jpeg,ตู้อบลมร้อน
ประเก็นฝาตู้,ตู้อบลมร้อน,2,ไม่ชำรุดฉีกขาด,เช็ค,W,task02.jpeg,ตู้อบลมร้อน
ชั้นวาง,ตู้อบลมร้อน,3,ต้องไม่ชำรุดหักไม่บิดงอ,เช็ค,W,task03.jpeg,ตู้อบลมร้อน
บานประตู,ตู้อบลมร้อน,4,บานประตูต้องไม่ชำรุด,เช็ค,W,task04.jpeg,ตู้อบลมร้อน
โครงสร้าง,ตู้อบลมร้อน,5,ต้องไม่ชำรุด,เช็ค,W,task05.jpeg,ตู้อบลมร้อน
ตู้ควบคุมระบบไฟฟ้า,ตู้อบลมร้อน,6,ไม่มีสิ่งผิดปกติด้านในตู้ อุปกรณ์อยู่ในสภาพเรียบร้อย ไม่มีร่อยรอยสายไฟชำรุด,เช็ค,W,,
,ตู้อบลมร้อน,7,,,W,,
การเคลียร์สิ่งแปลกปลอม / ความสะอาดก่อนส่งมอบ,ตู้อบลมร้อน,6,,ทำ,W,,
ประเก็นหน้าตู้,ตู้อบสแน็ค,1,ไม่ฉีกขาด,เช็ค,W,task01.png,ตู้อบสแน็ค
มอเตอร์,ตู้อบสแน็ค,2,ไม่มีเสียงดังและไม่มีกลิ่นเหม็นไหม้,เช็ค,W,task02.jpeg,ตู้อบสแน็ค
วาล์วเปิด-ปิดสตีม,ตู้อบสแน็ค,3,วาล์วและท่อต้องไม่มีน้ำรั่วซึม,เช็ค,W,task03.jpeg,ตู้อบสแน็ค
เพรสเชอร์เกจ,ตู้อบสแน็ค,4,เข็มตรงและหน้าปัดต้องไม่แตก,เช็ค,W,task04.jpeg,ตู้อบสแน็ค
ลูกปืน/อัดจาระบี,ตู้อบสแน็ค,5,ไม่หลวมคอนหรือแตกชำรุด,เช็ค/ทำ,W,task05.jpeg,ตู้อบสแน็ค
กระบอกลม,ตู้อบสแน็ค,6,ต้องทำงานได้ปกติ ลมต้องไม่รั่ว,เช็ค,W,task06.jpeg,ตู้อบสแน็ค
โซลินอยด์วาล์ว,ตู้อบสแน็ค,7,ตรวจเช็คว่าทำงานได้ปกติไหม,เช็ค,W,task07.jpeg,ตู้อบสแน็ค
มู่เลย์และสายพาน,ตู้อบสแน็ค,8,มู่เลย์ต้องไม่แตกชำรุด  สานพานไม่ขาด,เช็ค,W,task08.jpeg,ตู้อบสแน็ค
ตู้ควบคุมระบบไฟฟ้า,ตู้อบสแน็ค,9,ไม่มีสิ่งผิดปกติด้านในตู้ อุปกรณ์อยู่ในสภาพเรียบร้อย ไม่มีร่อยรอยสายไฟชำรุด,เช็ค,W,task09.jpeg,ตู้อบสแน็ค
การเคลียร์สิ่งแปลกปลอม / ความสะอาดก่อนส่งมอบ,ตู้อบสแน็ค,10,,ทำ,W,,
มอเตอร์,เครื่องซีลถุง,1,ไม่มีเสียงดังและไม่มีกลิ่นไหม้,เช็ค,W,task01.png,เครื่องซีลถุง
เฟือง,เครื่องซีลถุง,2,ไม่แตกหักหรือชำรุด,เช็ค,W,task02.jpeg,เครื่องซีลถุง
สายพานซีลร้อน,เครื่องซีลถุง,3,ไม่หย่อนหรือชำรุดฉีกขาด,เช็ค,W,task03.jpeg,เครื่องซีลถุง
สายพานซีลเย็น,เครื่องซีลถุง,4,ไม่หย่อนหรือชำรุดฉีกขาด,เช็ค,W,task04.jpeg,เครื่องซีลถุง
สายพานลำเลียงซอง,เครื่องซีลถุง,5,ไม่หย่อนหรือชำรุดฉีกขาด,เช็ค,W,task05.jpeg,เครื่องซีลถุง
,เครื่องซีลถุง,6,,,W,,
,เครื่องซีลถุง,7,,,W,,
การเคลียร์สิ่งแปลกปลอม / ความสะอาดก่อนส่งมอบ,เครื่องซีลถุง,6,,ทำ,W,,
ฝาปิด,ตู้นึ่งไก่,1,ไม่มีรอยบุบหรือยุบ,เช็ค,W,task01.jpeg,ตู้นึ่งไก่
ประเก็น,ตู้นึ่งไก่,2,ไม่มีรอยฉีกขาด,เช็ค,W,task02.jpeg,ตู้นึ่งไก่
เกจวัดแรงดัน,ตู้นึ่งไก่,3,ไม่มีสนิมหรือเข็มชำรุด,เช็ค,W,task03.jpeg,ตู้นึ่งไก่
เซฟตี้วาล์ว,ตู้นึ่งไก่,4,ต้องใช้งานได้ปกติดี,เช็ค,W,task04.png,ตู้นึ่งไก่
โครงสร้าง,ตู้นึ่งไก่,5,ไม่มีรอยบุบหรือรอยรั่วตามรอยต่อของตะเข็บ,เช็ค,W,task05.jpeg,ตู้นึ่งไก่
ตู้ควบคุมระบบไฟฟ้า,ตู้นึ่งไก่,6,ไม่มีสิ่งผิดปกติด้านในตู้ อุปกรณ์อยู่ในสภาพเรียบร้อย ไม่มีร่องรอยสายไฟชำรุด,เช็ค,W,task06.jpeg,ตู้นึ่งไก่
,ตู้นึ่งไก่,7,,,W,,
การเคลียร์สิ่งแปลกปลอม / ความสะอาดก่อนส่งมอบ,ตู้นึ่งไก่,7,,ทำ,W,,
มอเตอร์เกียร์,เครื่องเป่าซองPOUCH,1,มอเตอร์ต้องไม่เสียงดัง,เช็ค,W,task01.jpeg,เครื่องเป่าซองPOUCH
ลูกปืน/อัดจาระบี,เครื่องเป่าซองPOUCH,2,ลูกปืนต้องไม่แตก ชำรุด,เช็ค/ทำ,W,task02.jpeg,เครื่องเป่าซองPOUCH
สายพานกดซอง,เครื่องเป่าซองPOUCH,3,สายพานต้องไม่ขาด ชำรุด,เช็ค,W,task03.jpeg,เครื่องเป่าซองPOUCH
โซ่สายพานพาซอง,เครื่องเป่าซองPOUCH,4,ต้องไม่ชำรุดขาด,เช็ค,W,task04.jpeg,เครื่องเป่าซองPOUCH
โซ่ -เฟืองขับ,เครื่องเป่าซองPOUCH,5,โซ่ต้องไม่ขาดชำรุด-เฟืองต้องไม่ชำรุด,เช็ค,W,task05.jpeg,เครื่องเป่าซองPOUCH
กล่องควบคุมระบบไฟฟ้า,เครื่องเป่าซองPOUCH,6,ไม่มีสิ่งผิดปกติด้านในตู้ อุปกรณ์อยู่ในสภาพเรียบร้อย ไม่มีร่อยรอยสายไฟชำรุด,เช็ค,W,task06.jpeg,เครื่องเป่าซองPOUCH
โครงสร้าง,เครื่องเป่าซองPOUCH,7,ต้องไม่ชำรุดหัก,เช็ค,W,task07.jpeg,เครื่องเป่าซองPOUCH
ตู้ควบคุมระบบไฟฟ้า,เครื่องเป่าซองPOUCH,8,ไม่มีสิ่งผิดปกติด้านในตู้ อุปกรณ์อยู่ในสภาพเรียบร้อย ไม่มีร่อยรอยสายไฟชำรุด,เช็ค,W,task08.jpeg,เครื่องเป่าซองPOUCH
เปลี่ยนถ่ายน้ำมันเกียร์ทุ่ก 6 เดือน,เครื่องเป่าซองPOUCH,9,เปลี่ยนน้ำมันวันที่:,ทำ,W,,
การเคลียร์สิ่งแปลกปลอม / ความสะอาดก่อนส่งมอบ,เครื่องเป่าซองPOUCH,10,,ทำ,W,,
หัวฉีดสเปรย์,เครื่องล้างกระป๋อง,1,อยู่ครบทุกหัวและไม่อุดตัน,เช็ค,W,task01.png,เครื่องล้างกระป๋อง
มอเตอร์ปั้ม,เครื่องล้างกระป๋อง,2,ไม่มีเสียงดังและไม่มีน้ำรั่วซึม,เช็ค,W,task02.jpeg,เครื่องล้างกระป๋อง
โซ่พากระป๋อง,เครื่องล้างกระป๋อง,3,ข้อต่อไม่แตกชำรุด และไม่หย่อน,เช็ค,W,task03.png,เครื่องล้างกระป๋อง
เฟืองและโซ่,เครื่องล้างกระป๋อง,4,ข้อต่อไม่แตกชำรุด และไม่หย่อน ข้อต่อโซ่ต้องไม่หลวมและไม่หย่อน,เช็ค,W,task04.jpeg,เครื่องล้างกระป๋อง
ท่อ Steamและวาล์ว,เครื่องล้างกระป๋อง,5,ท่อไม่รั่วและวาล์วใช้งานได้ปกติปิดได้สนิท,เช็ค,W,task05.jpeg,เครื่องล้างกระป๋อง
ลูกปืน/อัดจาระบี,เครื่องล้างกระป๋อง,6,ไม่หลวมคอนและไม่แตกชำรุด,เช็ค/ทำ,W,task06.jpeg,เครื่องล้างกระป๋อง
มอเตอร์ขับ,เครื่องล้างกระป๋อง,7,ไม่มีเสียงดังและไม่มีกลิ่นเหม็นไหม้,เช็ค,W,task07.jpeg,เครื่องล้างกระป๋อง
โครงสร้าง,เครื่องล้างกระป๋อง,8,ไม่หักชำรุดและไม่เป็นสนิม,เช็ค,W,task08.jpeg,เครื่องล้างกระป๋อง
ตู้ควบคุมระบบไฟฟ้า,เครื่องล้างกระป๋อง,9,ไม่มีสิ่งผิดปกติด้านในตู้ อุปกรณ์อยู่ในสภาพเรียบร้อย ไม่มีร่อยรอยสายไฟชำรุด,เช็ค,W,task09.jpeg,เครื่องล้างกระป๋อง
การเคลียร์สิ่งแปลกปลอม / ความสะอาดก่อนส่งมอบ,เครื่องล้างกระป๋อง,10,,ทำ,W,,
รูปล่อยน้ำ / รู STEAM,หม้อฆ่าเชื้อกระป๋อง,1,จะต้องไม่อุดตัน,เช็ค,W,task01.jpeg,หม้อฆ่าเชื้อกระป๋อง
โลว์ลูกกลิ้งและลูกปืน,หม้อฆ่าเชื้อกระป๋อง,2,โลว์ลูกกลิ้งต้องอยู่ครบ ไม่ชำรุดลูกปืนต้องไม่หลวมคอนหรือแตกชำรุด,เช็ค,W,,
โซ่และลูกปืน,หม้อฆ่าเชื้อกระป๋อง,3,โซ่ ข้อต่อต้องไม่หลวมลูกปืนต้องไม่หลวมหรือแตกชำรุด,เช็ค,W,task03.jpeg,หม้อฆ่าเชื้อกระป๋อง
ประเก็นหน้าหม้อ,หม้อฆ่าเชื้อกระป๋อง,4,ต้องไม่ขาดชำรุด,เช็ค,W,task04.jpeg,หม้อฆ่าเชื้อกระป๋อง
เซฟตี้วาล์ว,หม้อฆ่าเชื้อกระป๋อง,5,ต้องไม่หักชำรุด สามรถใช้งานได้ปกติ,เช็ค,W,task05.jpeg,หม้อฆ่าเชื้อกระป๋อง
วาล์ว,หม้อฆ่าเชื้อกระป๋อง,6,ไม่รั่วซึม,เช็ค,W,task06.jpeg,หม้อฆ่าเชื้อกระป๋อง
มอเตอร์เกียร์ขับโซ่,หม้อฆ่าเชื้อกระป๋อง,7,มอเตอร์ต้องไม่มีเสียงดัง เกียร์ไม่มีน้ำมันรั่วซึม,เช็ค,W,task07.jpeg,หม้อฆ่าเชื้อกระป๋อง
ตู้ควบคุมระบบไฟฟ้า,หม้อฆ่าเชื้อกระป๋อง,8,ไม่มีสิ่งผิดปกติด้านในตู้ อุปกรณ์อยู่ในสภาพเรียบร้อย ไม่มีร่อยรอยสายไฟชำรุด,เช็ค,W,task08.jpeg,หม้อฆ่าเชื้อกระป๋อง
เปลี่ยนถ่ายน้ำมันเกียร์ทุ่ก 6 เดือน,หม้อฆ่าเชื้อกระป๋อง,9,เปลี่ยนน้ำมันวันที่:,ทำ,W,,
การเคลียร์สิ่งแปลกปลอม / ความสะอาดก่อนส่งมอบ,หม้อฆ่าเชื้อกระป๋อง,10,,ทำ,W,,
หัวฉีดเสปรย์,หม้อฆ่าเชื้อเพ๊าท์,1,ต้องมีอยู่ครบและไม่อุดตัน,เช็ค,W,task01.jpeg,หม้อฆ่าเชื้อเพ๊าท์
ประเก็นหน้าหม้อ,หม้อฆ่าเชื้อเพ๊าท์,2,ต้องไม่ขาดชำรุด,เช็ค,W,task02.jpeg,หม้อฆ่าเชื้อเพ๊าท์
เซฟตี้วาล์ว,หม้อฆ่าเชื้อเพ๊าท์,3,ต้องไม่หักชำรุด สามรถใช้งานได้ปกติ,เช็ค,W,task03.jpeg,หม้อฆ่าเชื้อเพ๊าท์
วาล์ว,หม้อฆ่าเชื้อเพ๊าท์,4,ไม่รั่วซึม,เช็ค,W,task04.png,หม้อฆ่าเชื้อเพ๊าท์
มอเตอร์ปั๊ม,หม้อฆ่าเชื้อเพ๊าท์,5,ไม่มีเสียงดังและไม่มีกลิ่นเหม็นไหม้,เช็ค,W,task05.jpeg,หม้อฆ่าเชื้อเพ๊าท์
มอเตอร์เกียร์ขับโซ่,หม้อฆ่าเชื้อเพ๊าท์,6,มอเตอร์ต้องไม่มีเสียงดัง เกียร์ไม่มีน้ำมันรั่วซึม,เช็ค,W,task06.jpeg,หม้อฆ่าเชื้อเพ๊าท์
ระบบท่อ,หม้อฆ่าเชื้อเพ๊าท์,7,ไม่มีน้ำรั่วซึม ไม่เป็นสนิม,เช็ค,W,task07.jpeg,หม้อฆ่าเชื้อเพ๊าท์
ตู้ควบคุมระบบไฟฟ้า,หม้อฆ่าเชื้อเพ๊าท์,8,ไม่มีสิ่งผิดปกติด้านในตู้ อุปกรณ์อยู่ในสภาพเรียบร้อย ไม่มีร่อยรอยสายไฟชำรุด,เช็ค,W,task08.jpeg,หม้อฆ่าเชื้อเพ๊าท์
เปลี่ยนถ่ายน้ำมันเกียร์ทุ่ก 6 เดือน,หม้อฆ่าเชื้อเพ๊าท์,9,เปลี่ยนน้ำมันวันที่:,ทำ,W,,
การเคลียร์สิ่งแปลกปลอม / ความสะอาดก่อนส่งมอบ,หม้อฆ่าเชื้อเพ๊าท์,10,,ทำ,W,,
หัวฉีดเสปรย์,หม้อฆ่าเชื้อกล่อง,1,ต้องมีอยู่ครบและไม่อุดตัน,เช็ค,W,task01.jpeg,หม้อฆ่าเชื้อกล่อง
ประเก็นหน้าหม้อ,หม้อฆ่าเชื้อกล่อง,2,ต้องไม่ขาดชำรุด,เช็ค,W,task02.jpeg,หม้อฆ่าเชื้อกล่อง
เซฟตี้วาล์ว,หม้อฆ่าเชื้อกล่อง,3,ต้องไม่หักชำรุด สามรถใช้งานได้ปกติ,เช็ค,W,task03.jpeg,หม้อฆ่าเชื้อกล่อง
วาล์ว,หม้อฆ่าเชื้อกล่อง,4,ไม่รั่วซึม,เช็ค,W,task04.png,หม้อฆ่าเชื้อกล่อง
มอเตอร์ปั๊ม,หม้อฆ่าเชื้อกล่อง,5,ไม่มีเสียงดังและไม่มีกลิ่นเหม็นไหม้,เช็ค,W,task05.jpeg,หม้อฆ่าเชื้อกล่อง
มอเตอร์เกียร์ขับโซ่,หม้อฆ่าเชื้อกล่อง,6,มอเตอร์ต้องไม่มีเสียงดัง เกียร์ไม่มีน้ำมันรั่วซึม,เช็ค,W,task06.jpeg,หม้อฆ่าเชื้อกล่อง
ระบบท่อ,หม้อฆ่าเชื้อกล่อง,7,ไม่มีน้ำรั่วซึม ไม่เป็นสนิม,เช็ค,W,task07.jpeg,หม้อฆ่าเชื้อกล่อง
ตู้ควบคุมระบบไฟฟ้า,หม้อฆ่าเชื้อกล่อง,8,ไม่มีสิ่งผิดปกติด้านในตู้ อุปกรณ์อยู่ในสภาพเรียบร้อย ไม่มีร่อยรอยสายไฟชำรุด,เช็ค,W,task08.jpeg,หม้อฆ่าเชื้อกล่อง
เปลี่ยนถ่ายน้ำมันเกียร์ทุ่ก 6 เดือน,หม้อฆ่าเชื้อกล่อง,9,เปลี่ยนน้ำมันวันที่:,ทำ,W,,
การเคลียร์สิ่งแปลกปลอม / ความสะอาดก่อนส่งมอบ,หม้อฆ่าเชื้อกล่อง,10,,ทำ,W,,
มอเตอร์ปั๊ม,เครื่องเอียงตะกร้า,1,มอเตอร์ต้องไม่มีเสียงดัง ปั๊มไม่รั่ว,เช็ค,W,task01.jpeg,เครื่องเอียงตะกร้า
กระบอกไฮโดรลิค,เครื่องเอียงตะกร้า,2,ไม่มีน้ำมันรั่วซึม,เช็ค,W,task02.jpeg,เครื่องเอียงตะกร้า
สายไฮโดรลิค,เครื่องเอียงตะกร้า,3,ไม่แตก ไม่มีน้ำมันรั่วซึม,เช็ค,W,task03.png,เครื่องเอียงตะกร้า
ระดับน้ำมัน,เครื่องเอียงตะกร้า,4,ต้องมีน้ำมันเพียงพอ ระดับไม่ต่ำกว่าขีดแดง,เช็ค,W,task04.jpeg,เครื่องเอียงตะกร้า
พัดลม,เครื่องเอียงตะกร้า,5,ใบไม่หักชำรุด,เช็ค,W,task05.jpeg,เครื่องเอียงตะกร้า
โลว์ลูกกลิ้ง,เครื่องเอียงตะกร้า,6,ลูกปืนไม่แตกชำรุด,เช็ค,W,task06.jpeg,เครื่องเอียงตะกร้า
โครงสร้าง,เครื่องเอียงตะกร้า,7,ไม่หักชำรุดและไม่เป็นสนิม,เช็ค,W,task07.jpeg,เครื่องเอียงตะกร้า
ตู้ควบคุมระบบไฟฟ้า,เครื่องเอียงตะกร้า,8,ไม่มีสิ่งผิดปกติด้านในตู้ อุปกรณ์อยู่ในสภาพเรียบร้อย ไม่มีร่อยรอยสายไฟชำรุด,เช็ค,W,task08.jpeg,เครื่องเอียงตะกร้า
เปลี่ยนถ่ายน้ำมันไฮดรอลิคทุ่ก 6 เดือน,เครื่องเอียงตะกร้า,9,เปลี่ยนน้ำมันวันที่:,ทำ,W,,
การเคลียร์สิ่งแปลกปลอม / ความสะอาดก่อนส่งมอบ,เครื่องเอียงตะกร้า,10,,ทำ,W,,
มอเตอร์เกียร์,เครื่องเป่ากระป๋องแห้ง,1,ไม่มีเสียงดังและไม่มีกลิ่นไหม้,เช็ค,W,task01.png,เครื่องเป่ากระป๋องแห้ง
เฟืองและโซ่,เครื่องเป่ากระป๋องแห้ง,2,ฟันเฟืองไม่แหลมคม โซ่ข้อต่อไม่หลวม,เช็ค,W,task02.jpeg,เครื่องเป่ากระป๋องแห้ง
ลูกปืน/อัดจาระบี,เครื่องเป่ากระป๋องแห้ง,3,ไม่หลวมคอนหรือแตกชำรุด,เช็ค/ทำ,W,task03.jpeg,เครื่องเป่ากระป๋องแห้ง
พัดลม,เครื่องเป่ากระป๋องแห้ง,4,ใบพัดต้องไม่หักชำรุด,เช็ค,W,task04.jpeg,เครื่องเป่ากระป๋องแห้ง
สายพานกลม,เครื่องเป่ากระป๋องแห้ง,5,ไม่ขาดชำรุด,เช็ค,W,task05.jpeg,เครื่องเป่ากระป๋องแห้ง
มอเตอร์ Blower,เครื่องเป่ากระป๋องแห้ง,6,สามารถเป่าลมได้ ท่อลมไม่ขาดชำรุด,เช็ค,W,task06.jpeg,เครื่องเป่ากระป๋องแห้ง
โครงสร้าง,เครื่องเป่ากระป๋องแห้ง,7,ไม่หักชำรุดและไม่เป็นสนิม,เช็ค,W,task07.jpeg,เครื่องเป่ากระป๋องแห้ง
ตู้ควบคุมระบบไฟฟ้า,เครื่องเป่ากระป๋องแห้ง,8,ไม่มีสิ่งผิดปกติด้านในตู้ อุปกรณ์อยู่ในสภาพเรียบร้อย ไม่มีร่อยรอยสายไฟชำรุด,เช็ค,W,task08.jpeg,เครื่องเป่ากระป๋องแห้ง
เปลี่ยนถ่ายน้ำมันเกียร์ทุ่ก 6 เดือน,เครื่องเป่ากระป๋องแห้ง,9,เปลี่ยนน้ำมันวันที่:,ทำ,W,,
การเคลียร์สิ่งแปลกปลอม / ความสะอาดก่อนส่งมอบ,เครื่องเป่ากระป๋องแห้ง,10,,ทำ,W,,
Nozzles หัวเป่าลม,HS R2,1,ต้องไม่ชำรุดหรืออุดตัน,เช็ค,W,task01.jpeg,HS_R2
Flexble Ducting,HS R2,2,สายต้องไม่แตก ลมไม่รั่ว,เช็ค,W,task02.jpeg,HS_R2
Airknives,HS R2,3,ปากเป่าลมต้องไม่ชำรุด ลมออกได้ดี,เช็ค,W,task03.jpeg,HS_R2
motor,HS R2,4,ต้องไม่เสียงดัง ไม่มีกลิ่นเหม็นไหม้,เช็ค,W,task04.jpeg,HS_R2
Filter ตัวกรอง,HS R2,5,ตัวกรองต้องไม่อุดตัน,เช็ค,W,task05.jpeg,HS_R2
โครงสร้าง,HS R2,6,ต้องไม่ชำรุดหัก,เช็ค,W,task06.jpeg,HS_R2
,HS R2,7,,เช็ค,W,,
,HS R2,8,,เช็ค,W,,
การเคลียร์สิ่งแปลกปลอม / ความสะอาดก่อนส่งมอบ,HS R2,7,,ทำ,W,,
หลอดแสดงสถานะ,เครื่องยิงโค้ด,1,ไม่แตกชำรุด,เช็ค,W,task01.png,เครื่องยิงโค้ด
หัวยิงหมึก,เครื่องยิงโค้ด,2,ไม่หักชำรุด,เช็ค,W,task02.jpeg,เครื่องยิงโค้ด
หัวเซ็นเซอร์,เครื่องยิงโค้ด,3,ไม่ชำรุด สามารถตรวจจับวัตถุได้,เช็ค,W,task03.jpeg,เครื่องยิงโค้ด
โครงสร้าง,เครื่องยิงโค้ด,4,สภาพต้องไม่ชำรุด จอไม่แตก,เช็ค,W,task04.jpeg,เครื่องยิงโค้ด
,เครื่องยิงโค้ด,5,,,W,,
,เครื่องยิงโค้ด,6,,,W,,
,เครื่องยิงโค้ด,7,,,W,,
การเคลียร์สิ่งแปลกปลอม / ความสะอาดก่อนส่งมอบ,เครื่องยิงโค้ด,5,,ทำ,W,,
สายพานกาวเย็น,เครื่องปิดฉลาก,1,สภาพไม่ขาดชำรุด,เช็ค,W,task01.jpeg,เครื่องปิดฉลาก
สายพานพากระป๋อง,เครื่องปิดฉลาก,2,ไม่แตกชำรุด ไม่หย่อน,เช็ค,W,task02.jpeg,เครื่องปิดฉลาก
มอเตอร์ปั๊ม,เครื่องปิดฉลาก,3,ไม่มีเสียงดัง ปั๊มต้องไม่รั่ว,เช็ค,W,task03.jpeg,เครื่องปิดฉลาก
น้ำมันไฮโดรลิค,เครื่องปิดฉลาก,4,ต้องมีน้ำมันเพียงพอ ระดับไม่ต่ำกว่าขีดแดง,เช็ค,W,task04.jpeg,เครื่องปิดฉลาก
ลูกปืน/อัดจาระบี,เครื่องปิดฉลาก,5,ไม่หลวมคอน ไม่แตกชำรุด,เช็ค/ทำ,W,task05.jpeg,เครื่องปิดฉลาก
เฟืองและโซ่,เครื่องปิดฉลาก,6,ฟันเฟืองต้องไม่แหลมคม โซ่ข้อต่อต้องไม่หลวม ไม่หย่อน,เช็ค,W,task06.jpeg,เครื่องปิดฉลาก
มอเตอร์ขับ,เครื่องปิดฉลาก,7,ไม่มีเสียงดังและไม่มีกลิ่นเหม็นไหม้,เช็ค,W,task07.jpeg,เครื่องปิดฉลาก
ตู้ควบคุมระบบไฟฟ้า,เครื่องปิดฉลาก,8,ไม่มีสิ่งผิดปกติด้านในตู้ อุปกรณ์อยู่ในสภาพเรียบร้อย ไม่มีร่อยรอยสายไฟชำรุด,เช็ค,W,task08.jpeg,เครื่องปิดฉลาก
เปลี่ยนถ่ายน้ำมันไฮดรอลิคทุ่ก 6 เดือน,เครื่องปิดฉลาก,9,เปลี่ยนน้ำมันวันที่:,ทำ,W,,
การเคลียร์สิ่งแปลกปลอม / ความสะอาดก่อนส่งมอบ,เครื่องปิดฉลาก,10,,ทำ,W,,
ลูกปืน/อัดจาระบี,สายพานรับซองเพ้าช์,1,ไม่หลวมคอนหรือแตกชำรุด,เช็ค/ทำ,,task01.jpeg,สายพานรับซองเพ้าช์
สายพาน,สายพานรับซองเพ้าช์,2,ไม่ขาดชำรุด,เช็ค,,task02.png,สายพานรับซองเพ้าช์
มอเตอร์เกียร์,สายพานรับซองเพ้าช์,3,ไม่มีเสียงดังและไม่มีน้ำมันรั่วซึม,เช็ค,,task03.jpeg,สายพานรับซองเพ้าช์
โครงสร้าง,สายพานรับซองเพ้าช์,4,ไม่หักชำรุดและไม่เป็นสนิม,เช็ค,,task04.jpeg,สายพานรับซองเพ้าช์
ตู้ควบคุมระบบไฟฟ้า,สายพานรับซองเพ้าช์,5,ไม่มีสิ่งผิดปกติด้านในตู้ อุปกรณ์อยู่ในสภาพเรียบร้อย ไม่มีร่องรอยสายไฟชำรุด,เช็ค,,task05.jpeg,สายพานรับซองเพ้าช์
เปลี่ยนถ่ายน้ำมันเกียร์ทุ่ก 6 เดือน,สายพานรับซองเพ้าช์,6,เปลี่ยนน้ำมันเกียร์วันที่:,ทำ,W,,
,สายพานรับซองเพ้าช์,7,,,,,
การเคลียร์สิ่งแปลกปลอม / ความสะอาดก่อนส่งมอบ,สายพานรับซองเพ้าช์,7,,ทำ,W,,
มอเตอร์ปั๊มไฮโดรลิค,จานหมุน,1,มอเตอร์ต้องไม่มีเสียงดังและไม่มีกลิ่นเหม็นไหม้,เช็ค,W,task01.jpeg,จานหมุน
สายไฮโดรลิค,จานหมุน,2,สายไฮโดรลิคต้องไม่มีรอยแตกน้ามันต้องไม่รั่ว,เช็ค,W,task02.jpeg,จานหมุน
กระบอกไฮดรอลิค,จานหมุน,3,สภาพต้องไม่มีน้ามันรั่วซึม สามรถยกขึ้น-ลงได้ปกติดี,เช็ค,W,task03.jpeg,จานหมุน
มูเล่ย์ / สายพาน,จานหมุน,4,มูเล่ย์ต้องไม่ชำรุดหรือแตก / สายพานต้องต้องไม่ขาดและหย่อน,เช็ค,W,task04.jpeg,จานหมุน
หน้าจานหมุนรับกระป๋อง,จานหมุน,5,หน้าจานหมุนต้องตรงไม่บิดเบี้ยว หรือชำรุด,เช็ค,W,task05.jpeg,จานหมุน
เกียร์ทดรอบจานหมุน,จานหมุน,6,สภาพเกียร์ทดรอบต้องไม่มีน้ามันรั่วซึม และไม่มีเสียงดังผิดปกติ,เช็ค,W,task06.jpeg,จานหมุน
น้ำมัน,จานหมุน,7,น้ำมันต้องมีเพียงพอ ระดับน้ำมันต้องไม่ต่ากว่าขีดแดง,เช็ค,W,task07.jpeg,จานหมุน
มอเตอร์ขับสายพานจานหมุน,จานหมุน,8,มอเตอร์ขับต้องไม่มีกลิ่นเหม็นไหม้ และไม่มีเสียงดังผิดปกติ,เช็ค,W,task08.jpeg,จานหมุน
ตู้ควบคุมระบบไฟฟ้า,จานหมุน,9,ไม่มีสิ่งผิดปกติด้านในตู้ อุปกรณ์อยู่ในสภาพเรียบร้อย ไม่มีร่อยรอยสายไฟชำรุด,เช็ค,W,task09.jpeg,จานหมุน
เปลี่ยนถ่ายน้ำมันไฮดรอลิค/น้ำมันเกียร์ทุ่ก 6 เดือน,จานหมุน,10,เปลี่ยนน้ำมันวันที่:,ทำ,W,,
การเคลียร์สิ่งแปลกปลอม / ความสะอาดก่อนส่งมอบ,จานหมุน,11,,ทำ,W,,
Platform,HSS R2,1,Plat form ต้องไม่ชำรุด บิดงอ,เช็ค,W,task01.jpeg,HSS_R2
Control Panel,HSS R2,2,ปุ่มเปิด-ปิดต้องไม่ชำรุด,เช็ค,W,task02.jpeg,HSS_R2
Lift Station,HSS R2,3,X-Life ต้องยกขึ้นลงได้ปกติดี,เช็ค,W,task03.jpeg,HSS_R2
Electrical Cabinet,HSS R2,4,ตู้ควบคุมไฟฟ้าต้องไม่ชำรุด ป้องกันฝุ่น กันน้ำได้ดี,เช็ค,W,task04.jpeg,HSS_R2
Mid conveyor,HSS R2,5,สายพานพากล่องต้องไม่ชำรุดขาด,เช็ค,W,task05.jpeg,HSS_R2
Sensor port,HSS R2,6,เซ็นเซอร์ต้องไม่ชำรุด,เช็ค,W,task06.jpeg,HSS_R2
,HSS R2,7,,เช็ค,W,,
Sefety fence,HSS R2,7,ต้องไม่ชำรุดเสียหาย,เช็ค,W,,
การเคลียร์สิ่งแปลกปลอม / ความสะอาดก่อนส่งมอบ,HSS R2,8,,ทำ,W,task08.jpeg,HSS_R2
มอเตอร์,Hi-Mixer,1,มอเตอร์ต้องไม่มีเสียงดัง และไม่มีกลิ่นเหม็นไหม้,เช็ค,,task01.jpeg,Hi-Mixer
ใบกวน,Hi-Mixer,2,น๊อตล๊อคใบกวนต้องอยู่ครบและล๊อคแน่น ใบต้องไม่บิดงอ,เช็ค,,task02.jpeg,Hi-Mixer
ลูกปืน/อัดจาระบี,Hi-Mixer,3,ลูกปืนต้องไม่หลวมคอน และไม่ชำรุดแตก,เช็ค/ทำ,,task03.jpeg,Hi-Mixer
มูเล่ย์ / สายพาน,Hi-Mixer,4,มูเล่ย์ต้องไม่ชำรุดแตก / สายพานต้องไม่ขาดชำรุด,เช็ค,,task04.jpeg,Hi-Mixer
โครงสร้าง,Hi-Mixer,5,สภาพต้องไม่ชำรุดหัก และไม่เป็นสนิม,เช็ค,,task05.jpeg,Hi-Mixer
ตู้ควบคุมระบบไฟฟ้า,Hi-Mixer,6,ไม่มีสิ่งผิดปกติด้านในตู้ อุปกรณ์อยู่ในสภาพเรียบร้อย ไม่มีร่อยรอยสายไฟชำรุด,เช็ค,,task06.jpeg,Hi-Mixer
,Hi-Mixer,7,,,,,
การเคลียร์สิ่งแปลกปลอม / ความสะอาดก่อนส่งมอบ,Hi-Mixer,7,,ทำ,W,,
วาล์วและท่อ,HIMIXER3,1,จะต้องไม่ชำรุดและรั่ว,เช็ค,,task01.jpeg,HIMIXER3
หน้าปั๊ม,HIMIXER3,2,ต้องไม่ชำรุดและไม่รั่ว,เช็ค,,task02.jpeg,HIMIXER3
มอเตอร์ลม,HIMIXER3,3,ลมต้องไม่รั่วมอเตอร์ต้องหมุนใช้งานได้ดี,เช็ค,,task03.jpeg,HIMIXER3
มอเตอร์,HIMIXER3,4,ต้องไม่ชำรุดและไม่รั่ว,เช็ค,,task04.jpeg,HIMIXER3
โครงสร้าง,HIMIXER3,5,ไม่ชำรุดหักไม่เป็นสนิม,เช็ค,,task05.jpeg,HIMIXER3
ตู้ควบคุมระบบไฟฟ้า,HIMIXER3,6,ไม่มีสิ่งผิดปกติด้านในตู้ อุปกรณ์อยู่ในสภาพเรียบร้อย ไม่มีร่อยรอยสายไฟชำรุด,เช็ค,,task06.jpeg,HIMIXER3
เปลี่ยนถ่ายน้ำมันเกียร์ทุ่ก 6 เดือน,HIMIXER3,7,เปลี่ยนน้ำมันเกียร์วันที่:,ทำ,W,,
การเคลียร์สิ่งแปลกปลอม / ความสะอาดก่อนส่งมอบ,HIMIXER3,8,,ทำ,W,,
ทุ่นและใบมีด,เครื่องตีเนื้อปลา,1,ทุ่นต้องไม่เสียศูนย์ ใบมีดต้องไม่หักหรือบิดงอ,เช็ค,W,task01.png,เครื่องตีเนื้อปลา
มอเตอร์,เครื่องตีเนื้อปลา,2,ไม่มีกลิ่นไหม้ และไม่มีเสียงดัง,เช็ค,W,task02.jpeg,เครื่องตีเนื้อปลา
ลูกปืน/อัดจาระบี,เครื่องตีเนื้อปลา,3,ลูกปืนต้องไม่หลวมคอน และแตกชำรุด,เช็ค/ทำ,W,task03.jpeg,เครื่องตีเนื้อปลา
โครงสร้าง,เครื่องตีเนื้อปลา,4,ไม่หักและไม่เป็นสนิม,เช็ค,W,task04.jpeg,เครื่องตีเนื้อปลา
ตู้ควบคุมระบบไฟฟ้า,เครื่องตีเนื้อปลา,5,ไม่มีสิ่งผิดปกติด้านในตู้ อุปกรณ์อยู่ในสภาพเรียบร้อย ไม่มีร่อยรอยสายไฟชำรุด,เช็ค,W,task05.jpeg,เครื่องตีเนื้อปลา
,เครื่องตีเนื้อปลา,6,,,W,,
,เครื่องตีเนื้อปลา,7,,,W,,
การเคลียร์สิ่งแปลกปลอม / ความสะอาดก่อนส่งมอบ,เครื่องตีเนื้อปลา,8,,ทำ,W,,
มอเตอร์,เครื่องบด,1,ไม่มีกลิ่นเหม็นไหม้และไม่มีเสียงดัง,เช็ค,W,task01.png,เครื่องบด
มูเล่ย์และสายพาน,เครื่องบด,2,มูเล่ย์ต้องไม่แตกชำรุด                                  สายพานไม่ขาดหรือหย่อน,เช็ค,W,task02.jpeg,เครื่องบด
เฟืองและโซ่,เครื่องบด,3,ฟันเฟืองต้องไม่แหลม  โซ่ไม่หย่อนและข้อต่อต้องไม่หลวม,เช็ค,W,task03.jpeg,เครื่องบด
สกรู,เครื่องบด,4,สภาพต้องไม่เสียศูนย์ ไม่ชำรุด ฉีก และไม่เป็นสนิม,เช็ค,W,task04.jpeg,เครื่องบด
แผงรังผึ้ง,เครื่องบด,5,หน้าจานเรียบ ไม่คดงอ,เช็ค,W,task05.jpeg,เครื่องบด
โครงสร้าง,เครื่องบด,6,ไม่หักชำรุด และไม่เป็นสนิม,เช็ค,W,task06.jpeg,เครื่องบด
ตู้ควบคุมระบบไฟฟ้า,เครื่องบด,7,ไม่มีสิ่งผิดปกติด้านในตู้ อุปกรณ์อยู่ในสภาพเรียบร้อย ไม่มีร่อยรอยสายไฟชำรุด,เช็ค,W,task07.jpeg,เครื่องบด
การเคลียร์สิ่งแปลกปลอม / ความสะอาดก่อนส่งมอบ,เครื่องบด,8,,ทำ,W,,
มอเตอร์,เครื่องบด 3,1,ไม่มีกลิ่นเหม็นไหม้และไม่มีเสียงดัง,เช็ค,W,task01.jpeg,เครื่องบด_3
มูเล่ย์,เครื่องบด 3,2,มูเล่ย์ต้องไม่แตกชำรุด,เช็ค,W,task02.jpeg,เครื่องบด_3
สายพาน,เครื่องบด 3,3,สายพานต้องไม่ขาดชำรุด,เช็ค,W,task03.jpeg,เครื่องบด_3
กระบอกลม,เครื่องบด 3,4,กระบอกลมต้องไม่มีลมรั่ว,เช็ค,W,task04.jpeg,เครื่องบด_3
ใบมีด,เครื่องบด 3,5,ใบมีดต้องไม่หักชำรุด,เช็ค,W,task05.jpeg,เครื่องบด_3
ลูกปืน/อัดจาระบี,เครื่องบด 3,6,ต้องไม่หลวมคอน ไม่แตกชำรุด,เช็ค/ทำ,W,task06.jpeg,เครื่องบด_3
โครงสร้าง,เครื่องบด 3,7,ต้องไม่ชำรุดหัก,เช็ค,W,task07.jpeg,เครื่องบด_3
การเคลียร์สิ่งแปลกปลอม / ความสะอาดก่อนส่งมอบ,เครื่องบด 3,8,,ทำ,W,,
มอเตอร์,เครื่องสับผสม,1,ไม่มีกลิ่นเหม็นไหม้และไม่มีเสียงดัง,เช็ค,W,task01.png,เครื่องสับผสม
มูเล่ย์และสายพาน,เครื่องสับผสม,2,มูเล่ย์ต้องไม่แตกชำรุด                            สายพานไม่ขาดหรือหย่อน,เช็ค,W,task02.jpeg,เครื่องสับผสม
เกียร์ทด,เครื่องสับผสม,3,ไม่มีน้ำมันรั่วซึม,เช็ค,W,task03.jpeg,เครื่องสับผสม
ลูกปืน/อัดจาระบี,เครื่องสับผสม,4,ไม่หลวมคอนและแตกชำรุด,เช็ค,W,task04.jpeg,เครื่องสับผสม
ใบมีด,เครื่องสับผสม,5,ไม่บิ่นหรือชำรุด,เช็ค,W,task05.jpeg,เครื่องสับผสม
ตู้ควบคุมระบบไฟฟ้า,เครื่องสับผสม,6,ไม่มีสิ่งผิดปกติด้านในตู้ อุปกรณ์อยู่ในสภาพเรียบร้อย ไม่มีร่อยรอยสายไฟชำรุด,เช็ค,W,task06.jpeg,เครื่องสับผสม
เปลี่ยนถ่ายน้ำมันเกียร์ทุ่ก 6 เดือน,เครื่องสับผสม,7,เปลี่ยนน้ำมันเกียร์วันที่:,ทำ,W,,
การเคลียร์สิ่งแปลกปลอม / ความสะอาดก่อนส่งมอบ,เครื่องสับผสม,8,,ทำ,W,,
มอเตอร์,เครื่องกวนร้อน,1,ไม่มีกลิ่นเหม็นไหม้และไม่มีเสียงดัง,เช็ค,W,task01.png,เครื่องกวนร้อน
ใบพัด,เครื่องกวนร้อน,2,สภาพต้องไม่เสียศูนย์ ไม่คด,เช็ค,W,task02.jpeg,เครื่องกวนร้อน
หลอดวัดน้ำ,เครื่องกวนร้อน,3,ไม่มีรอยแตกและน้ำต้องไม่รั่ว,เช็ค,W,task03.jpeg,เครื่องกวนร้อน
โครงสร้าง,เครื่องกวนร้อน,4,ไม่หักชำรุดและไม่เป็นสนิม,เช็ค,W,task04.jpeg,เครื่องกวนร้อน
ตู้ควบคุมระบบไฟฟ้า,เครื่องกวนร้อน,5,ไม่มีสิ่งผิดปกติด้านในตู้ อุปกรณ์อยู่ในสภาพเรียบร้อย ไม่มีร่อยรอยสายไฟชำรุด,เช็ค,W,task05.jpeg,เครื่องกวนร้อน
,เครื่องกวนร้อน,6,,,W,,
,เครื่องกวนร้อน,7,,,W,,
การเคลียร์สิ่งแปลกปลอม / ความสะอาดก่อนส่งมอบ,เครื่องกวนร้อน,6,,ทำ,W,,
มอเตอร์ขับใบพัด,เครื่องปั่นผสมโฮโม,1,มอเตอร์ขับใบพัดต้องไม่เสียงดัง,เช็ค,W,task01.jpeg,เครื่องปั่นผสมโฮโม
มอเตอร์ลอก,เครื่องปั่นผสมโฮโม,2,มอเตอร์ลอกต้องไม่เสียงดังไม่ม่กลิ่นเหม็นไหม้,เช็ค,W,task02.jpeg,เครื่องปั่นผสมโฮโม
ใบพัด,เครื่องปั่นผสมโฮโม,3,ใบพัดต้องไม่ชำรุด,เช็ค,W,task03.jpeg,เครื่องปั่นผสมโฮโม
สายสลิง,เครื่องปั่นผสมโฮโม,4,สายสลิงต้องไม่ขาด,เช็ค,W,task04.jpeg,เครื่องปั่นผสมโฮโม
โครงสร้าง,เครื่องปั่นผสมโฮโม,5,โครงสร้างต้องไม่หักชำรุด,เช็ค,W,task05.png,เครื่องปั่นผสมโฮโม
ตู้ควบคุมระบบไฟฟ้า,เครื่องปั่นผสมโฮโม,6,ไม่มีสิ่งผิดปกติด้านในตู้ อุปกรณ์อยู่ในสภาพเรียบร้อย ไม่มีร่อยรอยสายไฟชำรุด,เช็ค,W,task06.jpeg,เครื่องปั่นผสมโฮโม
การเคลียร์สิ่งแปลกปลอม / ความสะอาดก่อนส่งมอบ,เครื่องปั่นผสมโฮโม,7,,ทำ,W,,
ใบกวน,Ribbon Mixer,1,สภาพใบกวนต้องไม่หักชำรุดหัก และต้องไม่เป็นสนิม,เช็ค,W,task01.jpeg,Ribbon_Mixer
ลูกปืน/อัดจาระบี,Ribbon Mixer,2,ลูกปืนต้องไม่หลวมคอน และชำรุดแตก,เช็ค/ทำ,W,task02.jpeg,Ribbon_Mixer
มอเตอร์เกียร์,Ribbon Mixer,3,มอเตอร์ตอ้งไม่มีเสียงดังและไม่มีกลิ่นเหม็นไหม้ เกียร์ต้องไม่มีน้ำมันรั่ว,เช็ค,W,task03.jpeg,Ribbon_Mixer
เฟือง / โซ่,Ribbon Mixer,4,ฟันเฟืองต้องไม่แหลมคม / โซ่ข้อต่อต้องไม่หลวมและต้องไม่หย่อน,เช็ค,W,task04.jpeg,Ribbon_Mixer
โครงสร้าง,Ribbon Mixer,5,สภาพต้องไม่ชำรุดหัก และต้องไม่เป็นสนิม,เช็ค,W,task05.jpeg,Ribbon_Mixer
ตู้ควบคุมระบบไฟฟ้า,Ribbon Mixer,6,ไม่มีสิ่งผิดปกติด้านในตู้ อุปกรณ์อยู่ในสภาพเรียบร้อย ไม่มีร่อยรอยสายไฟชำรุด,เช็ค,W,task06.jpeg,Ribbon_Mixer
เปลี่ยนถ่ายน้ำมันเกียร์ทุ่ก 6 เดือน,Ribbon Mixer,7,เปลี่ยนน้ำมันเกียร์วันที่:,ทำ,W,,
การเคลียร์สิ่งแปลกปลอม / ความสะอาดก่อนส่งมอบ,Ribbon Mixer,8,,ทำ,W,,
ใบกวน,Ribbon3,1,สภาพใบกวนต้องไม่หักชำรุดหัก และต้องไม่เป็นสนิม,เช็ค,W,task01.jpeg,Ribbon3
ลูกปืน/อัดจาระบี,Ribbon3,2,ลูกปืนต้องไม่หลวมคอน และชำรุดแตก,เช็ค/ทำ,W,task02.jpeg,Ribbon3
มอเตอร์เกียร์,Ribbon3,3,มอเตอร์ตอ้งไม่มีเสียงดังและไม่มีกลิ่นเหม็นไหม้ เกียร์ต้องไม่มีน้ำมันรั่ว,เช็ค,W,task03.jpeg,Ribbon3
เฟือง / โซ่,Ribbon3,4,ฟันเฟืองต้องไม่แหลมคม / โซ่ข้อต่อต้องไม่หลวมและต้องไม่หย่อน,เช็ค,W,,
โครงสร้าง,Ribbon3,4,สภาพต้องไม่ชำรุดหัก และต้องไม่เป็นสนิม,เช็ค,W,,
ตู้ควบคุมระบบไฟฟ้า,Ribbon3,5,ไม่มีสิ่งผิดปกติด้านในตู้ อุปกรณ์อยู่ในสภาพเรียบร้อย ไม่มีร่อยรอยสายไฟชำรุด,เช็ค,W,task05.jpeg,Ribbon3
เปลี่ยนถ่ายน้ำมันเกียร์ทุ่ก 6 เดือน,Ribbon3,6,เปลี่ยนน้ำมันเกียร์วันที่:,ทำ,W,task06.jpeg,Ribbon3
การเคลียร์สิ่งแปลกปลอม / ความสะอาดก่อนส่งมอบ,Ribbon3,7,,ทำ,W,,
มอเตอร์เกียร์,เครื่องจ่ายกระป๋องเปล่า,1,เกียร์ต้องไม่มีน้ำมันรั่ว มอเตอร์ต้องไม่มีเสียงดัง ไม่มีกลิ่นเหม็นไหม้,เช็ค,W,task01.jpeg,เครื่องจ่ายกระป๋องเปล่า
มอเตอร์ขับจานหมุน,เครื่องจ่ายกระป๋องเปล่า,2,ต้องไม่มีเสียงดังและไม่มีกลิ่นเหม็นไหม้,เช็ค,W,task02.jpeg,เครื่องจ่ายกระป๋องเปล่า
ลูกปืน/อัดจาระบี,เครื่องจ่ายกระป๋องเปล่า,3,ต้องไม่หลวมคอน และไม่ชำรุดแตก,เช็ค/ทำ,W,task03.jpeg,เครื่องจ่ายกระป๋องเปล่า
เฟือง / โซ่,เครื่องจ่ายกระป๋องเปล่า,4,ฟันเฟืองต้องไม่แหลมคม / โซ่ ข้อต่อต้องไม่หลวมและไม่หย่อน,เช็ค,W,task04.jpeg,เครื่องจ่ายกระป๋องเปล่า
หน้าจานปล่อยกระป๋อง,เครื่องจ่ายกระป๋องเปล่า,5,หน้าจานต้องไม่บิดงอ น๊อตยึดต้องอยู่ครบ,เช็ค,W,task05.jpeg,เครื่องจ่ายกระป๋องเปล่า
โครงสร้าง,เครื่องจ่ายกระป๋องเปล่า,6,โครงสร้างต้องไม่ชำรุดหัก และไม่เป็นสนิม,เช็ค,W,task06.jpeg,เครื่องจ่ายกระป๋องเปล่า
ตู้ควบคุมระบบไฟฟ้า,เครื่องจ่ายกระป๋องเปล่า,7,ไม่มีสิ่งผิดปกติด้านในตู้ อุปกรณ์อยู่ในสภาพเรียบร้อย ไม่มีร่อยรอยสายไฟชำรุด,เช็ค,W,task07.jpeg,เครื่องจ่ายกระป๋องเปล่า
เปลี่ยนถ่ายน้ำมันเกียร์ทุ่ก 6 เดือน,เครื่องจ่ายกระป๋องเปล่า,8,เปลี่ยนถ่ายน้ำมันวันที่:,ทำ,W,,
การเคลียร์สิ่งแปลกปลอม / ความสะอาดก่อนส่งมอบ,เครื่องจ่ายกระป๋องเปล่า,9,,ทำ,W,,
ลูกปืน/อัดจาระบี,สายพานพากระป๋องเปล่า,1,ไม่หลวมคอนหรือแตกชำรุด,เช็ค/ทำ,W,task01.png,สายพานพากระป๋องเปล่า
มอเตอร์ขับสายพาน,สายพานพากระป๋องเปล่า,2,ไม่มีเสียงดังและไม่มีกลิ่นไหม้,เช็ค,W,task02.jpeg,สายพานพากระป๋องเปล่า
เฟืองและโซ่,สายพานพากระป๋องเปล่า,3,ฟันเฟืองไม่แหลมคม โซ่ข้อต่อต้องไม่หลวม,เช็ค,W,task03.png,สายพานพากระป๋องเปล่า
มอเตอร์เป่าลม/ฟิวเตอร์,สายพานพากระป๋องเปล่า,4,ไม่มีเสียงดัง ใบพัดตัวเป่าไม่หักชำรุด/ทำความสะอาดฟิวเตอร์กรองลม,เช็ค/ทำ,W,task04.jpeg,สายพานพากระป๋องเปล่า
สายพาน,สายพานพากระป๋องเปล่า,5,ไม่ขาดชำรุด,เช็ค,W,task05.jpeg,สายพานพากระป๋องเปล่า
โครงสร้าง,สายพานพากระป๋องเปล่า,6,สภาพไม่หักชำรุดและไม่เป็นสนิม,เช็ค,W,task06.jpeg,สายพานพากระป๋องเปล่า
วัดความเร็วลมโบว์โว่,สายพานพากระป๋องเปล่า,7,ความเร็วลมต้องไม่ต่ำกว่า 18 M/S (เมตร/วินาที),เช็ค/ทำ,W,task07.jpeg,สายพานพากระป๋องเปล่า
ตู้ควบคุมระบบไฟฟ้า,สายพานพากระป๋องเปล่า,8,ไม่มีสิ่งผิดปกติด้านในตู้ อุปกรณ์อยู่ในสภาพเรียบร้อย ไม่มีร่อยรอยสายไฟชำรุด,เช็ค,W,task08.jpeg,สายพานพากระป๋องเปล่า
การเคลียร์สิ่งแปลกปลอม / ความสะอาดก่อนส่งมอบ,สายพานพากระป๋องเปล่า,9,,ทำ,W,,
พัดลมระบายความร้อน,คอมพิวเตอร์,1,ต้องอยู่ในสภาพดี100%,เช็ค,Q,task01.jpeg,คอมพิวเตอร์
ฝุ่นผง,คอมพิวเตอร์,2,ฝุ่นผงไม่ให้มีในระบบแผงวงจรต่างๆ,เช็ค,Q,task02.jpeg,คอมพิวเตอร์
เครื่องจ่ายไฟสำรอง,คอมพิวเตอร์,3,ต้องไม่ชำรุดสามารถสำรองไฟได้ดี,เช็ค,Q,task03.jpeg,คอมพิวเตอร์
หน้าจอMonitor,คอมพิวเตอร์,4,หน้าจอต้องไม่แตกชำรุด ภาพไม่สั่นไหว,เช็ค,Q,task04.jpeg,คอมพิวเตอร์
Hard Disk,คอมพิวเตอร์,5,ต้องไม่ชำรุดเสียหาย ต้องตั้งห่างจากผนัง 3 นิ้วเป็นอย่างน้อย,เช็ค,Q,task05.jpeg,คอมพิวเตอร์
การเคลียร์สิ่งแปลกปลอม / ความสะอาดก่อนส่งมอบ,คอมพิวเตอร์,6,,ทำ,W,,
,คอมพิวเตอร์,7,,,Q,,
ระบบเบรค,รถโฟคลิฟ,1,ต้องสามารถควบคุมการหยุดได้ปกติดี,เช็ค,W,task01.jpeg,รถโฟคลิฟ
ล้อรถ,รถโฟคลิฟ,2,ล้อรถต้องไม่ชำรุดสามารถวิ่งได้ดี,เช็ค,W,task02.jpeg,รถโฟคลิฟ
งาตักของ,รถโฟคลิฟ,3,งาตักต้องไม่ชำรุดคดงอ,เช็ค,W,task03.jpeg,รถโฟคลิฟ
ไฟส่องสว่าง,รถโฟคลิฟ,4,หลอดไฟต้องสามารถส่องสว่างได้,เช็ค,W,task04.jpeg,รถโฟคลิฟ
ไฮดรอลิค,รถโฟคลิฟ,5,ระบบไฮดรอลิคต้องสามารถยกขึ้นลงได้,เช็ค/ทำ,W,task05.jpeg,รถโฟคลิฟ
แบตเตอร์รี่,รถโฟคลิฟ,6,น้ำกลั่นต้องไม่แห้ง,เช็ค,W,task06.jpeg,รถโฟคลิฟ
เปลี่ยนน้ำมันไฮดรอลิคทุ่ก 6 เดือน,รถโฟคลิฟ,7,เปลี่ยนถ่ายน้ำมันวันที่:,ทำ,W,,
การเคลียร์สิ่งแปลกปลอม / ความสะอาดก่อนส่งมอบ,รถโฟคลิฟ,8,,ทำ,W,,
ระบบเบรค,รถโฟคลิฟน้ำมัน,1,สภาพต้องไม่ชำรุด เบรคได้ดี,เช็ค,W,task01.jpeg,รถโฟคลิฟน้ำมัน
ใส้กรอง,รถโฟคลิฟน้ำมัน,2,ใส้กรองต้องไม่อุดตัด / เป่าฝุน,เช็ค/ทำ,W,task02.jpeg,รถโฟคลิฟน้ำมัน
แบตเตอร์รี่,รถโฟคลิฟน้ำมัน,3,ต้องไม่ชำรุดหรือน้ำกลั่นรั่วซึม,เช็ค,W,task03.jpeg,รถโฟคลิฟน้ำมัน
ล้อรถ,รถโฟคลิฟน้ำมัน,4,สายพานต้องไม่ชำรุด,เช็ค,W,task04.jpeg,รถโฟคลิฟน้ำมัน
โซ่/งายกของ,รถโฟคลิฟน้ำมัน,5,โซ่ต้องไม่ชำรุดขาด /งาต้องไม่หัก,เช็ค,W,task05.jpeg,รถโฟคลิฟน้ำมัน
น้ำมันเครื่อง,รถโฟคลิฟน้ำมัน,6,น้ำมันเครื่องต้องไม่แห้งและต้องใส,เช็ค,W,task06.jpeg,รถโฟคลิฟน้ำมัน
เปลี่ยนถ่ายน้ำมันเครื่องทุ่ก 6 เดือน,รถโฟคลิฟน้ำมัน,7,เปลี่ยนถ่ายวันที่ :,ทำ,W,,
การเคลียร์สิ่งแปลกปลอม / ความสะอาดก่อนส่งมอบ,รถโฟคลิฟน้ำมัน,8,,ทำ,W,,
X-LIFT,สายพาน ติดฉลาก,1,สภาพต้องไม่ชำรุดสามรถยกขึ้น-ลงได้,เช็ค,W,task01.jpeg,สายพาน_ติดฉลาก
มอเตอร์ปั๊ม,สายพาน ติดฉลาก,2,ต้องไม่มีเสียงดังผิดปกติไม่มีกลิ่นเหม็นไหม้,เช็ค,W,task02.jpeg,สายพาน_ติดฉลาก
ชุดปั๊มไฮดรอลิค,สายพาน ติดฉลาก,3,ต้องไม่ชำรุดหรือน้ำมันรั่วซึม,เช็ค,W,task03.jpeg,สายพาน_ติดฉลาก
สายพาน,สายพาน ติดฉลาก,4,สายพานต้องไม่ชำรุด,เช็ค,W,task04.jpeg,สายพาน_ติดฉลาก
ลูกปืน/อัดจาระบี,สายพาน ติดฉลาก,5,ต้องไม่แตกโยกหลวมคอน,เช็ค/ทำ,W,task05.jpeg,สายพาน_ติดฉลาก
ตู้ควบคุมระบบไฟฟ้า,สายพาน ติดฉลาก,6,ไม่มีสิ่งผิดปกติด้านในตู้ อุปกรณ์อยู่ในสภาพเรียบร้อย ไม่มีร่อยรอยสายไฟชำรุด,เช็ค,W,task06.jpeg,สายพาน_ติดฉลาก
เปลี่ยนถ่ายน้ำมันไฮดรอลิคทุ่ก 6 เดือน,สายพาน ติดฉลาก,7,เปลี่ยนถ่ายวันที่ :,ทำ,W,,
การเคลียร์สิ่งแปลกปลอม / ความสะอาดก่อนส่งมอบ,สายพาน ติดฉลาก,8,,ทำ,W,,
มอเตอร์,สายพาน pack กระป๋อง,1,มอเตอร์ต้องไม่มีกลิ่นเหม็นไหม้,เช็ค,W,task01.jpeg,สายพาน_pack_กระป๋อง
เซ็นเซอร์,สายพาน pack กระป๋อง,2,ต้องสามารถจับได้ดี,เช็ค,W,task02.jpeg,สายพาน_pack_กระป๋อง
กระบอกลม,สายพาน pack กระป๋อง,3,ต้องไม่ชำรุดหรือรั่วซึม,เช็ค,W,task03.jpeg,สายพาน_pack_กระป๋อง
ลูกปืน/อัดจาระบี,สายพาน pack กระป๋อง,4,สายพานต้องไม่ชำรุด แตก,เช็ค/ทำ,W,task04.jpeg,สายพาน_pack_กระป๋อง
สายพานลำเลียง,สายพาน pack กระป๋อง,5,ต้องไม่ชำรุดขาด,เช็ค,W,task05.jpeg,สายพาน_pack_กระป๋อง
ตู้ควบคุมระบบไฟฟ้า,สายพาน pack กระป๋อง,6,ไม่มีสิ่งผิดปกติด้านในตู้ อุปกรณ์อยู่ในสภาพเรียบร้อย ไม่มีร่อยรอยสายไฟชำรุด,เช็ค,W,task06.jpeg,สายพาน_pack_กระป๋อง
การเคลียร์สิ่งแปลกปลอม / ความสะอาดก่อนส่งมอบ,สายพาน pack กระป๋อง,7,,ทำ,W,,
มอเตอร์เกียร์,สายพานลำเลียงกล่อง,1,มอเตอร์ต้องไม่เสียงดังไม่มีกลิ่นเหม็นไหม้,เช็ค,W,task01.jpeg,สายพานลำเลียงกล่อง
สายพาน,สายพานลำเลียงกล่อง,2,สายพานต้องไม่แตกชำรุด,เช็ค,W,task02.jpeg,สายพานลำเลียงกล่อง
เซ้นเซอร์,สายพานลำเลียงกล่อง,3,ต้องไม่ชำรุดเสียหาย,เช็ค,W,task03.jpeg,สายพานลำเลียงกล่อง
ไกค์ประคอง,สายพานลำเลียงกล่อง,4,ต้องไม่เป็นสนิม ไม่ชำรุด,เช็ค,W,task04.jpeg,สายพานลำเลียงกล่อง
โครงสร้าง,สายพานลำเลียงกล่อง,5,โครงสร้างต้องไม่หักชำรุด,เช็ค,W,task05.jpeg,สายพานลำเลียงกล่อง
ตู้ควบคุมระบบไฟฟ้า,สายพานลำเลียงกล่อง,6,ไม่มีสิ่งผิดปกติด้านในตู้ อุปกรณ์อยู่ในสภาพเรียบร้อย ไม่มีร่อยรอยสายไฟชำรุด,เช็ค,W,task06.jpeg,สายพานลำเลียงกล่อง
เปลี่ยนถ่ายน้ำมันเกียร์ทุ่ก 6 เดือน,สายพานลำเลียงกล่อง,7,เปลี่ยนถ่ายวันที่ :,ทำ,W,,
การเคลียร์สิ่งแปลกปลอม / ความสะอาดก่อนส่งมอบ,สายพานลำเลียงกล่อง,8,,ทำ,W,,
